#小学生打赏游戏主播#,,,,"
"
username,comment,interact,date,"likes
",sentiment,confidence,positive_prob,negative_prob
来一口浓茶,为什么不说主播愿意退回钱的事？,共38条回复,2017-5-28,"540
",0,0.770652,0.103207,0.896793
优秀论文玳写,自己犯了错误矢口否认，对自己的亲妈出言不逊态度恶劣，这种人长大了能好到哪儿去？没有是非对错的观念，没有勇气担当，连基本的尊重父母都不懂，12岁可不小了。,共51条回复,2017-5-28,"393
",0,0.945496,0.024527,0.975473
云朵电影,还是个孩子 打死就行了,共82条回复,2017-5-28,"164
",0,0.656227,0.154698,0.845302
嘉plus壹,这孩子废了！难道孩子平时看不到自己母亲的辛苦？！还不知道节约，这个年代除非幼儿园的孩子，都应该对钱的有个概念了，特别是家庭条件不好的！,共13条回复,2017-5-28,"184
",0,0.977342,0.010196,0.989804
SixYea,12岁怎么知道账户和密码的。这种广告软文,共20条回复,2017-5-28,"37
",0,0.236827,0.343428,0.656572
胡新野,实名制，游戏防沉迷，直播。,共9条回复,2017-5-28,"70
",2,0.272476,0.672614,0.327386
老乖在啃手啊,好心疼这个妈妈,共5条回复,2017-5-28,"70
",2,0.336623,0.70148,0.29852
咦板栗小公举,我居然想粉这个主播…,共7条回复,2017-5-28,"71
",0,0.533019,0.210141,0.789859
倒着走的过路人,少年不知钱珍贵，可怜母亲心酸泪。但愿能懂事。,null,2017-5-28,"43
",0,0.818958,0.0814687,0.918531
山东鹿晗,这种应该直播平台赔付～,共3条回复,2017-5-28,"8
",0,0.0316212,0.43577,0.56423
悦购精品店,网络游戏有漏洞 禁止未成年人玩,共6条回复,2017-5-28,"12
",2,0.229999,0.6535,0.3465
已注入猫,感觉小孩子这种态度跟家庭教育也有一定的关系,共5条回复,2017-5-28,"13
",0,0.0970205,0.406341,0.593659
牵你手好吗,这样的小学生心疼父母的钱,null,2017-5-28,"11
",0,0.183425,0.367459,0.632541
请务必忘记我,也是无语了，再怎么喜欢，也应该知道父母的不容易，也应该思量一下。这孩子，虚荣心太强了。哎，可悲。,null,2017-5-28,"16
",0,0.923139,0.0345876,0.965412
杨若兰Riin,拒不认错，事实摆在面前才不得不承认。小孩子没有什么内涵，只有虚荣心。这么说太偏颇，但是事实如此啊。。天天都看这些熊孩子，烦啊,null,2017-5-28,"8
",0,0.873305,0.0570126,0.942987
请叫我一声小猛哥,我就纳闷了，银行卡密码是怎么让孩子知道的,null,2017-5-28,"10
",1,0.463651,0.473183,0.526818
Starry的日常,磁暴步兵杨永信即将到达战场,null,2017-5-28,"19
",2,0.161497,0.622673,0.377327
L不要再见面,对这孩子也是无话可说了，妈妈在烈日下辛辛苦苦赚的钱，被他动动几根手指就没了。,null,2017-5-28,"9
",0,0.77505,0.101227,0.898773
redrosidcimyhtsyd,@bpevolwolleyhsifllams,共3条回复,2017-5-28,"1
",1,0.398663,0.530067,0.469933
冷眼旁观2020,心寒。虚荣心每个人都会有，但俗话说的好，穷人家的孩子早当家。他身上看不到一点孩子的纯真，张口闭口全是谎话，从来没有考虑过母亲的感受。但伴随孩子成长的过程中，父母的教育缺失是显而易见的。直播平台监管不严，竟然涉事的是两个未成年人，国家也改管管了。,null,2017-5-28,"10
",0,0.795579,0.0919895,0.908011
我在哪呢我是谁,@王者荣耀 ，说好的实名认证呢，怎么还有这么多小学生,null,2017-5-28,"4
",1,0.967844,0.498392,0.501608
天吾_neo,这个世界傻子太多，骗子远远不够用了,null,2017-5-28,"8
",0,0.822693,0.0797882,0.920212
聖賢也擋不住風流的情懷,为什么平台没有审查吗？未成年都可以当网红直播！政府部门都在打酱油吗？,共3条回复,2017-5-28,"1
",0,0.772582,0.102338,0.897662
边境友人,@anyth1ngs @Clamping 真的太不懂事了！,null,2017-5-28,"3
",0,0.519978,0.21601,0.78399
蜂蜜糖果纸,熊孩子,null,2017-5-28,"2
",2,0.132591,0.609666,0.390334
会看相的鲸鱼,发生这种事情确实孩子欠收拾，不过这位母亲当着外人面一直打孩子脸，而且还一直录像呢。觉得这样更不好，本来大部分孩子自尊心特别强 等没人的时候再关起门该怎么样就怎么样,共24条回复,2017-5-28,"3
",0,0.94224,0.0259919,0.974008
已注销掉用户,@肉根酱 游戏主播,共6条回复,2017-5-28,"1
",0,0.159326,0.378303,0.621697
诺诺酱今天也要努力12岁,乱花钱就算了，还撒谎。。。,null,2017-5-28,"4
",0,0.897449,0.0461479,0.953852
有你我才好入眠,主播是个好主播，孩子是个熊孩子。,null,2017-5-28,"5
",2,0.315717,0.692073,0.307927
寻呼机用户123456,现代教育提倡孩子张扬个性但是缺乏正确引导，就容易出问题，我那会小时候花个几十块都觉得是大钱，现在的孩子偷花家里几万块都没有意识到问题的严重性。,null,2017-5-28,"5
",0,0.957438,0.0191528,0.980847
52Hz的Alice,同是未成年，一个自己挣钱，一个甚至还不懂事，让妈妈这般如此，差距就是这样,null,2017-5-28,"7
",0,0.754209,0.110606,0.889394
新坑张若昀,家长们请开通余额短信提醒 还有每周都要清点一遍家里的现金和银行卡余额 这样少些诱惑还有一但有问题也能尽快发现,共8条回复,2017-5-29,"
",1,0.96799,0.501601,0.498399
不哄我就不哄吧,很简单哇。以后不给孩子钱就好了。让他自生自灭噜。,null,2017-5-28,"3
",0,0.0450575,0.429724,0.570276
连清啊连清,@蓝血人eyes,null,2017-5-28,"
",1,0.614911,0.519254,0.480746
悦购精品店,游戏害死人啊,null,2017-5-28,"1
",2,0.0892872,0.590179,0.409821
Mercu_,@xccxue,null,2017-5-28,"
",1,0.398663,0.530067,0.469933
省钱内部优惠券官网,王者荣耀危害一代人啊,null,2017-5-28,"4
",2,0.0491254,0.572106,0.427893
衣谷希望,唉，12岁，快可以上初中了。看他的行为表现还一点愧疚之心都没有，也没有认识到自己犯错。真他吗的想揍他！自己家庭本来就困难，花几十块钱爽爽还可以，把钱都花完以后吃什么？真的智商有问题！这人以后长大了都不知道能有啥出息,null,2017-5-28,"5
",0,0.950369,0.0223338,0.977666
请你吃乐色,@粉色碟机,null,2017-5-28,"
",1,0.848386,0.507581,0.492419
咕噜司丫_99002,做妈妈不容易！孩子犯错误正常，但是这个孩子简直就是个败家子，完全体会不到母亲辛苦挣钱的不易！这件事情搞不好会是母子关系紧张，将来的家庭很难过了！,null,2017-5-28,"3
",0,0.295836,0.316874,0.683126
龙-拢,寒门也不一定出孝子呀,null,2017-5-28,"3
",1,0.67194,0.516403,0.483597
酒宝5871589193,网络运营商就没有一点点责任？,null,2017-5-28,"
",0,0.445301,0.249615,0.750385
文皓Lee,败家子 太气愤了 @豆1920,null,2017-5-28,"
",0,0.853662,0.0658521,0.934148
单酒窝大眼m酱,农药和直播满足了孩子的虚荣心,null,2017-5-28,"2
",2,0.680086,0.856039,0.143961
二只狗腿子,限制行为能力人实施的民事法律行为效力待定，如果父母拒绝追认，合同无效，主播和平台方应该返还不当得利。@乌合之人人人,null,2017-5-28,"
",0,0.619135,0.171389,0.828611
阿贵1888,为什么有打赏这个功能？,共1条回复,2017-5-28,"1
",0,0.304058,0.313174,0.686826
那年向阳朝花开,@Pear苏小狸 孩子不好带啊！,null,2017-5-28,"
",0,0.440454,0.251796,0.748204
金钱教信徒,划重点，12岁的小孩怎么能玩网游？怎么能注册直播间？,null,2017-5-28,"1
",0,0.58082,0.188631,0.811369
我的胸好大啊啊哦啊呜,开黑吗，我韩信贼溜！,null,2017-5-28,"1
",0,0.522858,0.214714,0.785286
宝贝宝贝惠儿,虚荣心要不得，,null,2017-5-28,"1
",1,0.476107,0.526195,0.473805
xhuy系丫,这个就是监督他，什么时候可以玩游戏，什么时候不可以玩……为什么你的银行卡密码你儿子知道了……,null,2017-5-30,"
",0,0.181767,0.368205,0.631795
生木梦溪,那个什么小伙子 我带你 上分 青铜贼6,null,2017-5-29,"
",0,0.137891,0.387949,0.612051
朱宇曦,现在的小学生越来越牛逼了，我们90后都老了,null,2017-5-28,"1
",0,0.361571,0.287293,0.712707
姬花峰,这些垃圾游戏好和网站，都该封号,null,2017-5-28,"
",0,0.668803,0.149039,0.850961
紫宁的单曲呢,我们那个时候哪有手机玩，上个QQ都是偷偷地怕家长发现。时代进步了，国家的相关政策法规也应该跟上,null,2017-5-28,"1
",1,0.134718,0.543264,0.456736
Amy-妮儿,未成年人的自控力是欠缺的 监护人要有监控的能力 首先就是把控好自己的财物 事情已经发生了就不要一错再错 如果孩子形成了叛逆心理再想挽回不是更困难吗,null,2017-5-28,"
",0,0.910161,0.0404273,0.959573
麟禾麒然,组织在哪,null,2017-5-28,"
",1,0.740725,0.487036,0.512964
GAYOSHIDE佳树本人的微博,我觉得这时候应该对他用冷暴力。,null,2017-5-28,"
",0,0.00197583,0.449111,0.550889
闪闪的奇妙冒险,12岁不小了，我12上六年级了，我爸开始知道我长大有自尊心了，做错事也不能拿起东西就打，不可以拿我跟别人的孩子比在外人面前数落我了，我妈也知道少赚点钱降低生活质量也要多陪陪我，那个年龄都有点沉迷的东西、追星和沉迷网聊她也支持和引导我，从叛逆又厌世到知道上进和感恩，差不多都是在十二三岁,null,2017-5-28,"3
",2,0.334864,0.700689,0.299311
我有一个傻黑甜,还好我怎么学都学不会这个游戏,null,2017-5-28,"2
",1,0.72616,0.513692,0.486308
做人呢_最要紧的是开心,龙珠直播是正规平台。别黑平台。主播如果不签约的话收益基本就靠礼物了，如果换成其它主播可能根本就不接你电话，何况他还愿意退回。这个主播人品不错。这个行业是新兴产业，就像十年前的网吧一样，很多人不理解甚至厌弃，但是我相信以后实名制慢慢规范后它会减少未成年的观众而且被大众接受。,null,2017-5-28,"2
",0,0.423877,0.259255,0.740745
Mr里股,我认为实名认证，身份认证太有用了，未满18周岁，直接限制,null,2017-5-29,"1
",1,0.675312,0.483766,0.516234
ooo桀ooo,这么好的孩子，就应该一棒子被打死！！活着有什么意思？传说中的小学生，呵呵，脑残！别长大了后祸害社会！,null,2017-5-29,"1
",0,0.605601,0.177479,0.822521
DODODOUDODO,主播不是未成年辣，只是声音比较萌鹅以o(≧v≦)o,null,2017-5-28,"1
",0,0.0398351,0.432074,0.567926
兰晴Ashley,现在这些网红赚钱手段真是绝了……,null,2017-5-28,"1
",0,0.254627,0.335418,0.664582
s牧羊犬,这小孩子虚荣，无知，脾气大，还撒谎。,null,2017-5-28,"2
",0,0.291047,0.319029,0.680971
茨威格5577678362,现在的诱惑太多，父母和孩子平时更要注重共同交流，教育好孩子,null,2017-5-28,"2
",2,0.692983,0.861842,0.138158
Alan艾伦极致色彩,心疼父母,null,2017-5-30,"
",2,0.105342,0.597404,0.402596
Simon茜蒙,@Leewuchen,null,2017-5-30,"
",1,0.398663,0.530067,0.469933
木子Iron,这娃儿 有出息,null,2017-5-29,"
",1,0.632152,0.518392,0.481608
姐忧么为有抱腹,虚荣心真的有，但是我并没有那么严重充很多吧，后来玩游戏充钱会充，都有克制不会拿着麻麻的卡乱充个好几万，你特么小学生就是傻充那么多不被打才怪了。小学生就是对钱没有概念，觉得自己就要花，那种很强的欲望他们控制不了,null,2017-5-29,"
",0,0.966265,0.015181,0.984819
姐忧么为有抱腹,虚荣心真的有，但是我并没有那么严重充很多吧，后来玩游戏充钱会充，都有克制不会拿着麻麻的卡乱充个好几万，你特么小学生就是傻充那么多不被打才怪了。小学生就是对钱没有概念，觉得自己就要花，那种很强的欲望他们控制不了,null,2017-5-29,"
",0,0.966265,0.015181,0.984819
姐忧么为有抱腹,我初中的时候也这样打赏过主播，是个k歌直播的里面，也是送什么车可以当管理。然后我就真的充钱了，为了当个管理员。虚荣心真的有，但是我并没有那么严重充很多吧，后来玩游戏充钱会充,null,2017-5-29,"
",0,0.416951,0.262372,0.737628
pan_da熊,@Mcc麦小迪 你打d农药,null,2017-5-29,"
",0,0.138934,0.38748,0.61252
努力让life变的精彩,孩子，从小要教育好,null,2017-5-29,"
",2,0.706074,0.867733,0.132266
风恋106,@柚子先生Lyz,null,2017-5-28,"
",2,0.0734022,0.583031,0.416969
小家雀儿呀呀,唉 王者农药害人害己呀,null,2017-5-28,"
",0,0.304939,0.312777,0.687223
彭思燕6039898437,我儿子现在快三岁了，对钱没什么概念，平时也不准家里老人给他拿，也不教他识大钱，要吃的东西都是买好给他的，不能自己拿钱去买。有一次，我带他出门前，他奶奶拿出来给他，他就拿两张一块给我。还有一次，他要去逛超市，我说只能叫爸爸给三块钱，结果他爸多给他一块，他都很开心的哈哈大笑。,null,2017-5-28,"
",0,0.21922,0.351351,0.648649
也许你不知道233,又是小学生玩王者荣耀，说好的实名制呢,null,2017-5-28,"1
",2,0.332733,0.69973,0.30027
Liu_悲客,18岁注册机制，实名制，拍照认证，指纹输入与身份证挂钩。输赢率45%以下销号，手机号注册与身份证一致。熊玩意，还治不了你！,null,2017-5-28,"
",0,0.225888,0.348351,0.651649
林间郁儿,转发微博,null,2017-5-28,"
",1,0.713022,0.514349,0.485651
丨WK丨,打他不是因为 花了钱 而是因为犯了错不承认 就应该打到不撒谎为止,null,2017-5-28,"
",0,0.745233,0.114645,0.885355
woif-建军,其实很简单游戏设置人脸识别，登录游戏要本人才行，,null,2017-5-28,"
",2,0.0567977,0.575559,0.424441
学深也学浅,王者荣耀惹得祸,null,2017-5-28,"1
",2,0.0395087,0.567779,0.432221
佳火华amiable,唉，这个年龄段的孩子还真不好说……虽然很气但是还是好好引导吧。在这么多人面前扇他巴掌，自尊心会崩溃的。到时做出更叛逆的事就麻烦了,null,2017-5-28,"
",0,0.95907,0.0184185,0.981581
现在的我是明天的我,哎 这种孩子养着能有用吗,null,2017-5-28,"
",0,0.502547,0.223854,0.776146
如果你是女神i,这个主播很赞。,null,2017-5-28,"
",2,0.928359,0.967761,0.0322386
仓鼠是汤圆,想到当初一个小女孩打赏一个男直播博主15万，你们怎么都这么大方，我要有这么多钱，肯定要好好珍惜的话，干嘛还这么拼命的赚钱累死累活的,null,2017-5-28,"
",0,0.0924024,0.408419,0.591581
眼镜行an,阿婆 还希望你当妈的起好带头作用@霍金俞,null,2017-5-28,"
",1,0.921781,0.496089,0.503911
thusgj,如果是我，我是不会退的，那也是我挣的呀，真是，而且做就做了，还撒谎,null,2017-5-28,"
",0,0.31503,0.308237,0.691763
115为谁拼搏,该打,null,2017-5-28,"
",1,0.37902,0.531049,0.468951
_水靜猶明,这小孩就是傻B,null,2017-5-28,"
",0,0.406983,0.266858,0.733142
麻麻爱肉丁,孩子怎么能动这笔钱？而且很明显又是往具体某个游戏上扣屎盆子。。。,null,2017-5-28,"
",0,0.811199,0.0849602,0.91504
你咋那么多事呢1,这种人真蠢，让人家带自己操作还不是没提升，要真想上分，慢慢打嘛，不经历坑逼队友怎知上分之不易啊！,null,2017-5-28,"
",0,0.97935,0.00929241,0.990708
琴音私语,@Viki永恒的微笑,null,2017-5-28,"
",2,0.243792,0.659706,0.340294
一个蜗牛的家,吊起来打,null,2017-5-28,"
",1,0.872612,0.493631,0.506369
横竖都是嘴,打孩子也是长有得事吧,null,2017-5-28,"1
",0,0.146073,0.384267,0.615733
者乎云云,主播都还能有点恻隐之心愿意退钱，而这个小孩呢，刷自己母亲的血汗钱，一开始还打算否认，且一脸不知悔改的样子，真让人寒心,null,2017-5-28,"
",0,0.470057,0.238474,0.761526
昂首-仰望,王者荣耀真是坑了一批孩子呦,null,2017-5-28,"
",0,0.356286,0.289671,0.710329
念初心啦,王者荣耀害人害已,null,2017-5-28,"
",0,0.245635,0.339464,0.660536
王焕小同学,打的好，自己父母辛辛苦苦攒下的钱被他挥霍了还光脾气，这么大的孩子不懂得心疼父母，该打！,null,2017-5-28,"
",2,0.428806,0.742963,0.257037
你真是吵我戳耳,这种小孩就是废物,null,2017-5-28,"
",0,0.231306,0.345912,0.654088
CospDigact,心疼这位妈妈……,null,2017-5-28,"
",1,0.163447,0.458172,0.541828
l_十C,为什么现在的小孩子都知道密码,null,2017-5-28,"
",1,0.849994,0.5075,0.4925
zoneing,问题还是在于父母与孩子之间的沟通，但是，我也不知道该怎么说了,null,2017-5-28,"
",0,0.269164,0.328876,0.671124
蒂兰圣雪小鱼仔Daisy,总归教育出问题,null,2017-5-28,"
",1,0.445299,0.527735,0.472265
Y小小小-y,呃，，，无奈。。,null,2017-5-28,"
",0,0.259556,0.3332,0.6668
LJILIANG,强烈建议王者荣耀实名制,null,2017-5-28,"
",1,0.128279,0.456414,0.543586
老子是小仙女syj,真是欠收拾,null,2017-5-28,"
",0,0.610966,0.175065,0.824935
Mr_Sukiyaki,限制行为能力人订立的超出其行为能力的合同效力待定，监护人未追认，合同无效，钱依法可以退回,null,2017-5-28,"
",0,0.63244,0.165402,0.834598
胡源-hy,心疼心疼心疼,null,2017-5-28,"
",2,0.117635,0.602936,0.397064
nI7I7,直播平台弄个像支付宝这样的实名认证吧，怎么都感觉直播平台有要被“谴责”的节奏……@龙珠直播 @斗鱼直播平台 @虎牙直播 @熊猫直播 @触手直播平台,null,2017-5-28,"
",2,0.27137,0.672116,0.327884
名字咋那么难取啊,与年龄无关 无论多大 孝都应是第一位,null,2017-5-28,"
",1,0.515779,0.475789,0.524211
跑到月球做体操,打死算球,null,2017-5-28,"
",0,0.424289,0.25907,0.74093
女神范的smile-8,之前还看过一个小女孩打赏主播转走家长十几万还是二十多万的，现在的小孩子不得了，手机支付要预防陷阱，还要放家里的熊孩子啊！愿各位家长警醒,null,2017-5-28,"
",0,0.161818,0.377182,0.622818
TaT-小春,关爱钱包，远离“农药”,null,2017-5-28,"
",0,0.0612775,0.422425,0.577575
热河总督01,@臭不要脸的粑粑蛋儿,null,2017-5-28,"
",0,0.676574,0.145542,0.854458
臭椿很胖胖,这孩子怎么教育的啊,null,2017-5-28,"
",1,0.507661,0.475383,0.524617
rishihin,这个母亲也有病 全部的工资为什么要在一个卡上还跟手机绑定了,null,2017-5-28,"
",0,0.460443,0.242801,0.757199
不呀不着调儿,熊孩子，妈妈多伤心啊。承认错误吧,null,2017-5-28,"
",0,0.43218,0.255519,0.744481
H____annah,@小白兔的耳朵没了,null,2017-5-28,"
",0,0.0931531,0.408081,0.591919
阿大啊啊啊啊,@刘宇若然,null,2017-5-28,"
",2,0.103713,0.596671,0.403329
昝吉祥,农药毒死人,null,2017-5-28,"
",1,0.824308,0.508785,0.491215
球球的萌萌妈,孩子竟然没有一点觉得自己做错了,null,2017-5-28,"
",0,0.62575,0.168412,0.831588
The-bh,主播还是可以的,null,2017-5-28,"
",2,0.218264,0.648219,0.351781
耳听求是,没教育好，往死里揍一顿,null,2017-5-28,"
",1,0.993787,0.499689,0.500311
临沂萄丰源生态葡萄农庄,说是熊孩子简直侮辱熊孩子这个词语,null,2017-5-28,"
",0,0.106509,0.402071,0.597929
她的名字我的软肋,这孩子废了。。12岁就已经这样撒谎了,null,2017-5-28,"
",0,0.357642,0.289061,0.710939
你咋这么慢乜,打死他,null,2017-5-28,"
",0,0.398228,0.270797,0.729203
佳运常平,哪里来的密码,null,2017-5-28,"
",2,0.00858148,0.553862,0.446138
崔巍-筱筱巴巴,这个时候应该上个带指纹支付的手机，搞定,null,2017-5-28,"
",2,0.112303,0.600537,0.399463
moslem吕,辛辛苦苦竞养了一个败家子！悲哀呀！,null,2017-5-28,"
",0,0.352799,0.291241,0.708759
布鲁伯伊,实名制吧，没什么好说的，个人是不玩王者的,null,2017-5-28,"
",0,0.267953,0.329421,0.670579
隔壁丶老黄丶,可能需要回炉重铸,null,2017-5-28,"
",0,0.181968,0.368114,0.631886
移动酒仓郑大傻,想想很多游戏、网络比快播还....,null,2017-5-28,"
",2,0.054011,0.574305,0.425695
夕阳照进烟火,家穷不更应该争气吗,null,2017-5-28,"
",0,0.57291,0.192191,0.807809
点点爱一次,教育问题是困扰我们这一代人的问题,null,2017-5-28,"
",1,0.829286,0.491464,0.508536
一枝大柳絮,南宁的,null,2017-5-28,"
",2,0.204333,0.64195,0.35805
ze晓ze孛相,良心主播,null,2017-5-28,"
",1,0.864026,0.506799,0.493201
果然翁果然,限制民事行为能力人实施的法律行为效力待定，需要经过监护人的追认，监护人拒绝追认的合同无效，通过法律途径很简单就能解决了吧,null,2017-5-28,"
",0,0.0961414,0.406736,0.593264
北马道里唱秦腔,网监部门监管有问题，是否制定条款，但凡非需要有游戏角色身份的，要求每个玩家建立账号必须实名和身份证模式，达不到年龄要求不允许有账号。中国很多少年没有辨别是非意识，只为一时欲望和虚荣心。社会，家庭，学校等各方面原因让一些孩子行为和意识有了偏差。其实我想说的还有很多……,null,2017-5-28,"
",0,0.966164,0.0152264,0.984774
玄卿是晶晶,12岁还是限制民事行为能力人，走法律途径可以追回的吧,null,2017-5-28,"
",0,0.115563,0.397997,0.602003
Cloriscl,教育很重要啊,null,2017-5-28,"
",2,0.168283,0.625727,0.374273
L-紅紅紅紅紅紅,劣根,null,2017-5-28,"
",0,0.177547,0.370104,0.629896
小Cvivianne3645,这种人真的说句严重的可以放少年管教所了!看看他现在的态度和作为，将来指不定还会干什么伤天害理的坏事！,null,2017-5-28,"
",0,0.496511,0.22657,0.77343
我的青春鸡飞狗跳丷,大家有注意到这个孩子一开始的态度吗？脾气很硬啊 他妈打他两下说别碰我 刷了大把的钱12岁的孩子 当他妈质问他时 他还这个态度 导致孩子这样 还是跟教育有关 不好好教育 真的费咯,null,2017-5-28,"1
",0,0.955338,0.0200977,0.979902
gCathyg,这孩子真不知道心疼母亲,null,2017-5-28,"
",0,0.23204,0.345582,0.654418
-指尖的阳光-Emily,my god，这么点就这样挥霍父母的钱。,null,2017-5-28,"
",0,0.640677,0.161695,0.838305
TOP追风的小姐姐,没有人在意小孩怎么知道她妈的密码这事吗？,null,2017-5-28,"
",0,0.850319,0.0673562,0.932644
遗忘的吴先生,三观已歪，送去改造,null,2017-5-28,"
",0,0.0425307,0.430861,0.569139
一句自律nm,怎么说，我也特别反感直播，每天打赏应该有个限额才行，毕竟小孩不懂事,null,2017-5-28,"
",0,0.014947,0.443274,0.556726
没蘸盐的小鸡腿,啊！养个小孩真的不容易啊！,null,2017-5-28,"
",2,0.417597,0.737919,0.262081
我没意见啊,瓜皮娃，打王者荣耀就简单的玩玩呗，还看直播送礼物，牛b了，一次4万，比我还大方，,null,2017-5-28,"
",2,0.537488,0.79187,0.20813
何须花浅,王者荣耀害人啊,null,2017-5-28,"
",1,0.805365,0.509732,0.490268
雨后的天空198507,熊孩子一枚，妈妈挣得血汗钱就这么挥霍了，所以说就不能叫孩子玩，一个是乱花钱再就游戏还坑队友,null,2017-5-28,"
",0,0.754167,0.110625,0.889375
GOSTH南子,王者荣耀啊王者荣耀 ……🙈喜欢玩儿 但是有度,null,2017-5-28,"
",2,0.576939,0.809623,0.190377
麦兜xzl,这熊孩子,null,2017-5-28,"
",1,0.0699448,0.546503,0.453497
戏精夫妇,讲真，。对主播行业这种无底洞式的高消费很是无语。。像个漩涡一样。,null,2017-5-28,"
",0,0.940255,0.0268853,0.973115
丝丝侥幸,申请退回,null,2017-5-28,"
",1,0.11785,0.455892,0.544107
那谁那谁谁,妈妈那么不容易，都不知道体谅,null,2017-5-28,"
",2,0.263192,0.668436,0.331564
不喜欢寒冷炎热的我,小孩玩游戏都跟钱挂钩了，家长管不了，还是玩，，游戏给多少人增加烦恼,null,2017-5-28,"
",0,0.0668833,0.419903,0.580097
滥番薯,小学生啊，真是不敢小瞧。,null,2017-5-28,"
",0,0.478359,0.234738,0.765262
寒枭h,有些人是没看到小孩子玩手机，那个6啊，,null,2017-5-28,"
",2,0.451,0.75295,0.24705
卜晓星,只想知道再出多少事才能引起文化局 广电局之类的部门重视,null,2017-5-28,"
",0,0.656092,0.154758,0.845242
Cute-Porket,游戏害人害己！远离游戏！,null,2017-5-28,"
",2,0.0318839,0.564348,0.435652
宁万斤之茫然,心智不成熟啊,null,2017-5-28,"
",1,0.812286,0.490614,0.509386
Tag-aheyniu,我的妈耶,null,2017-5-28,"
",1,0.414131,0.529293,0.470707
你看起来可能好吃,港真，直播这个行业监管太少，几乎木有。,null,2017-5-28,"
",0,0.529538,0.211708,0.788292
小鸟err,现在连小学生也沉迷于王者荣耀这些手游了，每天都能看到很多人拿着手机打王者，对于这种现象，我也是无奈,null,2017-5-28,"
",1,0.362266,0.468113,0.531887
老夫李先生,坑娘的娃，毫无悔改,null,2017-5-28,"
",0,0.867922,0.059435,0.940565
寂寞杀猪刀,子不教，父之过。。。这种孩子没什么是打一顿解决不了的，如果有，那就打两顿。。,null,2017-5-28,"
",0,0.939614,0.0271735,0.972826
sunlitwang,真是王者农药,null,2017-5-28,"
",0,0.0882811,0.410274,0.589727
简得漓,很心酸，父母总是自己忍着吃苦尽力为孩子营造一种相对舒适的生活，寒门更甚，可父母的这种爱或许是用错了啊，不是每个小孩都能体谅父母的一番苦心，反而是让孩子早早吃点苦头比较好。,null,2017-5-28,"
",2,0.984577,0.99306,0.00694031
Jeanniea,1父母不要以为不停工作孩子自己就会变好。问题只要出现了就说明有了不平衡，孩子为什么感到孤独父母应该思考思考，赚钱不是忽略孩子的理由。2主播也是正常收入，愿意退还人家赚来的钱那是人家有良心。3为什么要给孩子手机玩，看直播需要玩很久手机，父母不管么？4游戏平台对未成年人监管不到位。,null,2017-5-28,"
",0,0.839031,0.0724362,0.927564
Blossom1002,@遥不可及的远方well @张小契是中文大男友 哎，这糟心孩子,null,2017-5-28,"
",0,0.0637731,0.421302,0.578698
哈尼谭爱宝宝易,这孩子以后是个祸害,null,2017-5-28,"
",0,0.0228145,0.439733,0.560267
明俊working,现在的孩子真是！,null,2017-5-28,"
",1,0.334228,0.466711,0.533289
那顿灰,#天然卷发# 幸亏我穷毛你瞅瞅你家毛团还是蛮好的 最起码花的是自己的毛爷爷,null,2017-5-28,"
",2,0.577373,0.809818,0.190182
张瓜皮爱吃瓜呀,这个主播算好的了，不错，小屁孩玩啥游戏。,null,2017-5-28,"
",2,0.811393,0.915127,0.0848733
凌空风晴雪-晨沐春秋冬,不要告诉我 现在12岁的孩子不知道什么叫打赏 还是虚荣心作祟 死鸭子嘴 还离家出走 家长心太软了,null,2017-5-28,"
",0,0.517857,0.216964,0.783036
劉雨誠888,直播平台为何会这么火？,null,2017-5-28,"
",0,0.302903,0.313694,0.686306
霍乐禅,这孩子都不体谅一下父母的吗，不知道赚钱不易吗还有，这么多钱居然也是舍得啊,null,2017-5-28,"
",0,0.428144,0.257335,0.742665
噼里啪啦酷酷咔咔,熊孩子真欠扇，不会玩就别玩啊，还用辛苦钱讨好不相关的人,null,2017-5-28,"
",0,0.565448,0.195548,0.804452
袋鼠带袋袋,一他只是个孩子 直接吊打,null,2017-5-28,"
",1,0.682874,0.484144,0.515856
骏马春天,主播没毛病吧,null,2017-5-28,"
",0,0.256266,0.33468,0.66532
大蒜老卤面,,null,2017-5-28,"
"
喷子一Turbo,主播平台是该管管了 太乱了,null,2017-5-28,"
",0,0.72278,0.124749,0.875251
小小小小小忄忄,实名制没卵用，我没实名照样可以登录,null,2017-5-28,"
",0,0.314819,0.308332,0.691668
yellowoleander,可能觉得钱是天上掉下来的吧,null,2017-5-28,"
",0,0.33976,0.297108,0.702892
第五雨墨,未成年人，网络直播，不是实名认证。？,null,2017-5-28,"1
",0,0.628719,0.167076,0.832924
姜较瘦哇,这种情况恐怕腿不保啊,null,2017-5-28,"
",0,0.710536,0.130259,0.869741
石斑路有雾,这一代的消费观念确实与我们不同。,null,2017-5-28,"
",2,0.0187883,0.558455,0.441545
正正er,呵呵哒,null,2017-5-28,"
",2,0.407604,0.733422,0.266578
李康30497,还好主播好， 可以的 去点关注,null,2017-5-28,"1
",2,0.515533,0.78199,0.21801
一只寂寞的圆粉提莫,这让18岁才有自己银行卡的我很是尴尬啊,null,2017-6-2,"
",1,0.151734,0.457587,0.542413
又欠君呀,主播不错,null,2017-5-30,"
",2,0.752068,0.888431,0.111569
传情小小,1首先第一画面看到的是家长当着所有人的面在打孩子，并且还是严重的扇脸，这种方式的打骂不知是从小还是一次，导致孩子变成什么样我相信网友都会知道 2 近期听到无数孩子因为手游出现问题，我们看到已经加强了管理力度，沉迷于游戏这是我们很容易犯并不知道的错误 3 主播愿意退还是个人意愿，并且我认,null,2017-5-29,"
",0,0.898511,0.04567,0.95433
不负好食堂,不评论小孩，母亲教育也有问题，动不动直接打脸,null,2017-5-29,"
",0,0.531093,0.211008,0.788992
我就是个FWFW,给我电他，往死里电，杨永信网监中心，给我电，滋滋滋,null,2017-5-29,"
",1,0.499074,0.474954,0.525046
外汇开户招商,心疼孩子母亲,null,2017-5-29,"
",2,0.107358,0.598311,0.401689
粉色裙子的女孩,这孩子切得好好管管，都说穷人孩子早当家，不小了应该能理解母亲的辛苦,null,2017-5-29,"
",2,0.18438,0.632971,0.367029
念尔易生-,孩子的教育尤其是青春期的孩子其实大部分还是在于家长的引导和家庭环境，叛逆一定会有，但是家长督促也必不可少，12岁正是三观建立的时候，事情已经发生，别放弃孩子，也许职业有一定限制，但是对孩子的教育不能少，找一点点时间陪他聊聊天也许也可以起到作用，我有个这样的弟弟，网络很害人，但是有好,null,2017-5-29,"
",2,0.873331,0.942999,0.057001
-厄瓜多尔北极熊-,@姬鹏辉Younet 翔耀 以后手机上发现一起处理一起 做好心理准备哟,null,2017-5-29,"
",1,0.457344,0.527133,0.472867
不再等风bye,此处手动@变形计官方微博,null,2017-5-29,"
",0,0.194189,0.362615,0.637385
不再等风bye,此处@变形计官方微博,null,2017-5-29,"
",1,0.472569,0.473628,0.526372
机智勇敢的南木_,@我记得我们都说过ai,null,2017-5-29,"
",2,0.180102,0.631046,0.368954
敬往事一杯酒vv,那些直播平台的老总又一天会很惨！,null,2017-5-29,"
",2,0.583561,0.812603,0.187397
敬往事一杯酒vv,腾讯老总有一天下场会很惨！,null,2017-5-29,"
",2,0.246643,0.660989,0.339011
秦皇嬴政隋帝杨广,王者农药真那么好玩吗？实在不喜欢那种画面,null,2017-5-29,"1
",0,0.279659,0.324154,0.675846
派大星头好大,其实我也不是很懂为什么会有人打赏主播。。,null,2017-5-28,"
",0,0.171223,0.37295,0.62705
晨彦祖,小伙子还是太年轻，四万块钱可以玩更多好玩的事的…,null,2017-5-28,"
",1,0.11313,0.544344,0.455656
一年改五次微博昵称,@Silverskies,null,2017-5-28,"
",1,0.398663,0.530067,0.469933
是妹儿猪呀,这跟家庭教育有什么关系？不知道你们在扯什么，明显虚荣心作祟，他们班的男生都查一下就知道怎么回事了，看看有多少给直播打赏的。,null,2017-5-28,"
",0,0.721939,0.125127,0.874872
唯一的王者,为什么没有管一下未成年人玩游戏，出来坑人就算了，还乱花家里钱,null,2017-5-28,"
",0,0.947082,0.0238131,0.976187
小炳航,良心主播,null,2017-5-28,"
",1,0.864026,0.506799,0.493201
你好哇淼淼,现在的孩子根本不知道柴米油盐贵啊……很多孩子连米饭是从哪儿来的都不知道。需要教育啊！不光是学校教育，家庭的教育更重要！要让孩子知道幸福的生活来之不易，要学会珍惜，要有恭敬心。,null,2017-5-28,"
",2,0.323598,0.695619,0.304381
我是小辛同学,这样的小孩真是的我要是父母我得打死他,null,2017-5-28,"
",0,0.549881,0.202553,0.797447
文艺小短句,只记得以前有个小女孩，星期天帮妈妈去打扫大街，还有个小学生在电话亭里做作业，等着爸爸下班,null,2017-5-28,"
",2,0.212733,0.64573,0.35427
蜜桃杯内衣旗舰店,从小对娃不怎么管，只会打骂，所有孩子的问题也都是跟父母教育有关系的。。。,null,2017-5-28,"
",0,0.0286312,0.437116,0.562884
唯東-糖,@猩猩不是星星丶 就是这个咯,null,2017-5-28,"
",0,0.602201,0.179009,0.820991
哲瑜SamA,还好我12岁还没有智能手机,null,2017-5-28,"
",0,0.14049,0.386779,0.613221
丫吖-丫吖,王者农药,null,2017-5-28,"
",2,0.027158,0.562221,0.437779
李康30497,社会上的垃圾,null,2017-5-28,"
",0,0.688544,0.140155,0.859845
茳水鱼鱼,怎么教育的儿子！,null,2017-5-28,"
",1,0.570589,0.478529,0.52147
1我不想用这个名字了,这种小孩真的缺乏教育 也没法说 现在小学生很多给王者荣耀充钱的 替妈妈心酸 也希望她可以将儿子领回正道,null,2017-5-28,"
",0,0.765963,0.105316,0.894683
云养猫家长,不是说穷人家的孩子早当家吗，看来这是当年的时代才出的事啊,null,2017-5-28,"
",0,0.844234,0.0700947,0.929905
KanyeWestomari,小哥哥太好了 转粉,null,2017-5-28,"
",2,0.637323,0.836796,0.163204
玛伊太厚娘娘,遇到这个熊孩子也是心累,null,2017-5-28,"
",2,0.0420109,0.568905,0.431095
南筱nxyeol,母亲赚钱这么不容易，现在的小孩做事都不想想父母的感受,null,2017-5-28,"
",1,0.732968,0.513352,0.486648
咩咩多吃坚果,他可以去参加变形计了，虽然他家条件不太好,null,2017-5-28,"
",2,0.0954306,0.592944,0.407056
思一姐姐,我打王者荣耀也不错，我会玩法师辅助射手。为什么就没人带我玩😿,null,2017-6-16,"1
",2,0.710708,0.869819,0.130182
用户6084936367,感觉这个家庭教育也是有问题的，这个孩子很缺乏来自家庭给予的尊重肯定鼓励，才会在外面寻求认同！孩子的心理教育是一门科学,null,2017-5-31,"1
",0,0.859436,0.0632539,0.936746
小纸人哦,主播是好人,null,2017-5-31,"
",2,0.19948,0.639766,0.360234
你见或不见它就在那里我是紫容,这孩子太不懂事,null,2017-5-30,"
",0,0.375684,0.280942,0.719058
YoWon颖宝,握草 我都26了工资都要上交 花钱还要打报告 想想就心好累啊,null,2017-5-30,"
",0,0.342091,0.296059,0.703941
夙噬玄夜,怎莫说呢，孩子有错，该打，但孩子也有面子，打的时候就不要在别人面前，伤人自尊，我也是我妈打大的，知道那种感受，这种小孩还太小，正是那种容易追大流，没主张的时候，这时候家长就要适当给以教训或教育，让他们知道钱来之不易,null,2017-5-30,"
",0,0.107274,0.401727,0.598273
学霸动感地带,鄙视,null,2017-5-29,"
",0,0.300243,0.314891,0.685109
5219wa19,打死他，谁让他乱花钱，不认识字吗？哪个东西是该花钱的，哪个东西不该花钱，哪个东西是花钱的？不认识吗？,null,2017-5-29,"
",0,0.993408,0.00296626,0.997034
别等时光非礼梦想201605,现在主播不是必须要18岁才可以直播的吗,null,2017-5-29,"
",0,0.487306,0.230712,0.769288
一留衣不留行90526,王者农药,null,2017-5-29,"
",2,0.027158,0.562221,0.437779
初夏却冬凉,真为这位阿姨感到扎心,null,2017-5-29,"
",0,0.0715035,0.417823,0.582177
虎娃3803659080,转发微博,null,2017-5-29,"
",1,0.713022,0.514349,0.485651
SS这里是地球,打吧，该打的打，别舍不得，熊孩子，我小时候打那168电话，打了两百多块钱，遭全家群殴。,null,2017-5-29,"
",0,0.459687,0.243141,0.756859
追风少年夏日君,“王者荣耀”毁青春，没有错。,null,2017-5-29,"
",0,0.482908,0.232692,0.767308
偶尔泛滥小寂寞,打，狠狠的打，不断手就断腿,null,2017-5-29,"
",0,0.0585338,0.42366,0.57634
誓言就像操沵媽說到做吥到,我觉得十二岁不懂父母辛劳乱花乱用毕竟还小可以原谅，但是骗人不承认错误这才是最严重的问题、孩子可以淘气但是一定不能骗人,null,2017-5-29,"1
",0,0.964209,0.0161059,0.983894
小香蕉你个芭乐,这种新闻屡出不断！！！！现在的直播真的害了这代孩子。。。过早接触手机真不是什么好事，亲戚家的孩子两三岁的不玩手机ipad不肯吃饭的多着去了，也不知道爹妈都怎么想的,null,2017-5-29,"1
",0,0.845003,0.0697486,0.930251
青年92273,平台是可以退钱的。但是这个未成年人上网真得好好把关管理一下才行。,null,2017-5-28,"
",0,0.154867,0.38031,0.61969
陈欣博zZ,我觉得该打,null,2017-5-28,"1
",1,0.850084,0.492504,0.507496
魏大糊涂,这孩子太不懂事了,null,2017-5-28,"1
",0,0.437157,0.253279,0.746721
好多的鱼呐,还是父母的教育问题吧！看到视频都是打骂，可能孩子心里早就逆反了！只有在游戏里才觉得自己有用,null,2017-5-28,"1
",0,0.222545,0.349855,0.650145
深圳市南山区千衣库服装商行,从没有玩过王者荣耀的举手,null,2017-5-28,"1
",2,0.113548,0.601096,0.398904
alex先-森,王者荣耀，坑了一代人，富了部分人,null,2017-5-28,"1
",0,0.48856,0.230148,0.769852
张泡沫bubble,害人不浅，我弟弟都快沉迷王者中了，唉,null,2017-5-28,"1
",2,0.0249628,0.561233,0.438767
那就一年以后再改,为什么不把关注点放在他妈的巴掌上？,null,2017-5-28,"1
",0,0.72486,0.123813,0.876187
骨灰级小汤圆,妈妈那么辛苦赚钱，这孩子难道看不见吗？妈妈挣钱也是为了你，真不知道这孩子怎么想的。妈妈挣钱那么不容易，再说了。他妈妈打他怎么了，难道做错了受点教训不对吗？好像你们没有被打过似的。发生了那种事，她妈妈一定是很失望的啊。看着孩子长到现在，孩子竟然做出这么离谱的事情来。,null,2017-5-28,"1
",0,0.995492,0.00202856,0.997971
对不起对不起嗯,子不教，父母之过，如果只一味的赚钱而疏于教育子女，最后只会竹篮打水一场空,null,2017-5-28,"1
",0,0.510258,0.220384,0.779616
小曼哩,小孩的虚荣心的源自父母的教育，那个母亲当着摄像机、别人的面打自己的孩子，践踏小孩的自尊心，很多人说小孩哪有有什么自尊心，但那却是造成小孩叛逆的重要原因,null,2017-5-28,"1
",0,0.532897,0.210196,0.789804
王者荣耀代打小哥哥丶,点赞立刻十连胜 不连胜算我输，,null,2017-5-28,"
",2,0.545298,0.795384,0.204616
萌萌么么么家,主播真是好人啦,null,2017-8-29,"
",2,0.20909,0.644091,0.355909
稳哥的亲妈,谁能告诉我这样怎么办？我家姑姑儿子也是给主播打赏了2万块，该怎么办,null,2017-6-25,"
",1,0.909374,0.495469,0.504531
向常文,这主播，我欣赏,null,2017-6-25,"
",2,0.0248219,0.56117,0.43883
向常文,现在这种拿父母的钱打赏主播的也是不少见了,null,2017-6-25,"
",0,0.143632,0.385366,0.614635
笑笑笑笑先生-,这孩子长大了不吸毒白瞎了🙃,null,2017-6-14,"1
",0,0.34994,0.292527,0.707473
雪冰洋,孩子太小，不能中毒,null,2017-5-29,"
",0,0.747048,0.113828,0.886172
网虫丶达宝彡,傻狗，玩游戏还充钱,null,2017-5-29,"
",0,0.707879,0.131454,0.868546
Luthin-,这个主播挺好的。我之前遇见过一个穿越火线的主播，给他刷了礼物，让他带我飞。结果一直推迟。这个主播愿意退钱还是少见的,null,2017-5-29,"
",2,0.619667,0.82885,0.17115
萌萌AND岩岩,天啊，我一直以为这种父母赚钱不易的家庭，孩子应该特别懂事。,null,2017-5-29,"
",1,0.763155,0.511842,0.488158
幌子和小呆,呵呵，我只想送,null,2017-5-29,"
",2,0.136819,0.611569,0.388431
Threemmandskyblue,乱棍打死,null,2017-5-29,"
",0,0.678273,0.144777,0.855223
Archer_嘉文,@Jiao_是女乔娇 @Sun_Jyy,null,2017-5-29,"
",0,0.0486902,0.428089,0.571911
cspexe,我不由自主的想起了刚刚看的“非洲教师虐爱幼童”的新闻，这都是教育问题，请那些玛丽苏们告诉我这类孩子的问题出在哪儿？我们应该怎么办？适度的惩戒教育有错吗？还有这是不是在玛丽苏眼里也是虐待呀！,null,2017-5-29,"
",0,0.490225,0.229399,0.770601
男神精kes,要是我的孩子，妈的，让他不上学，去和我打扫卫生一段时间，让他知道一下有多累,null,2017-5-29,"
",1,0.262825,0.463141,0.536859
名字要好好想才行,变形计需要他@变形计,null,2017-5-29,"
",1,0.496364,0.525182,0.474818
我不懂自己就更没人懂我,大人也存在问题,null,2017-5-29,"
",2,0.346607,0.705973,0.294027
Basa小妖,这个孩子就是缺揍,null,2017-5-29,"
",0,0.00461075,0.447925,0.552075
我不懂自己就更没人懂我,孩子怎么会知道卡密码？,null,2017-5-29,"
",0,0.409957,0.265519,0.734481
我是强攻a,我感觉小孩出了问题一味地打没有用啊，得告诉他事情的重要性，越大不沟通越坏事，小孩越叛逆,null,2017-5-29,"
",0,0.676514,0.145569,0.854431
happy无影,这是自制力问题 我玩了大半年 就花了300多块钱买皮肤,null,2017-5-29,"
",2,0.176868,0.62959,0.37041
kxzhistar,他还是个孩子 千万不要放过他,null,2017-5-29,"
",0,0.55907,0.198419,0.801581
尤锦鲤,我去年的时候也转了我爸爸爸的钱手机里几万了但我爸没批评我而是指导我我向我爸承认错误因为我知道父母赚的钱太不容易了一分钱都不容何况4万元环保工人啊小弟你花几百就算 你问问你妈妈一个月多少钱 积蓄多少 王者荣耀其实不害人但只要你不买装备不赏什么主播自己玩得厉害根本不需要花钱这是虚拟的世界,null,2017-5-29,"
",0,0.153263,0.381032,0.618968
老bao子划船不用桨,主播还算有良心,null,2017-5-29,"
",1,0.637498,0.481875,0.518125
Ostrich君,一辈子都是社会底层的命啊,null,2017-5-29,"
",1,0.236851,0.538157,0.461843
pan_da熊,@Mcc麦小迪 你打d农药,null,2017-5-29,"
",0,0.138934,0.38748,0.61252
无男神不逗比,怎么知道密码的,null,2017-5-29,"
",1,0.825085,0.508746,0.491254
星星河边草v5,腾讯就是来坑钱的,null,2017-5-29,"
",0,0.330144,0.301435,0.698565
杀马特我姓王我心亡,我觉得玩游戏并不可怕，但是如果想这样的话不顾及自己的家庭情况而乱搞的就太不懂事了，唉,null,2017-6-8,"
",0,0.589282,0.184823,0.815177
Tony_eab,打死,null,2017-5-29,"
",0,0.337031,0.298336,0.701664
粉丝数量好多哈,加强对游戏开发商的监管好吗？都说了几百遍了，还是没有落实！,null,2017-5-29,"
",0,0.566008,0.195296,0.804704
请叫我夏目先森丶,犯了错拒不承认，满嘴谎话，面对母亲的指责居然还发脾气，这真的是一个12岁的孩子？感觉还是和家庭教育有一定关系，限制孩子每天上网时间很有必要，不然肯定会沉迷,null,2017-5-29,"
",0,0.241487,0.341331,0.658669
行走的花生酱,就这种品性已经不是常规教育能矫正的了，主播同意退钱值得称赞，但对这种品性的孩子来讲极有可能让他产生一种侥幸心理而再犯。,null,2017-5-29,"
",0,0.534543,0.209456,0.790544
浪荡_13807,怎么说呢这小孩在这种家庭长大也不知道钱来之不易，不是父母没教好就是在学校被人带坏的,null,2017-5-29,"
",0,0.786059,0.0962737,0.903726
娩沁,实名制也阻止不了小学生上王者的心,null,2017-5-29,"
",0,0.0706191,0.418221,0.581779
木子三金-up,未成年人法院上诉的话拿不回来吗？？,null,2017-5-29,"
",0,0.734571,0.119443,0.880557
参尽世事的福贵与福贵,仔细想想，自己已是大孝之人，不是这种废物能比的吧,null,2017-5-29,"
",0,0.408639,0.266113,0.733887
醇藝白,垃圾游戏！,null,2017-5-29,"
",0,0.832456,0.0753947,0.924605
是心心心心心仪吖,12岁不小了，肯定不是什么好人,null,2017-5-29,"
",0,0.675334,0.1461,0.8539
雷打不动的大魔王,我玩游戏，却从来没有往游戏里投过一分钱,null,2017-5-29,"
",1,0.91475,0.495737,0.504262
步上棋途,坑母,null,2017-5-29,"
",0,0.616397,0.172622,0.827378
三十功名尘与土八千里路云和,关注中小学生沉迷游戏，当误学业的问题。在如今科技高速发展的时代，家家户户都配备了智能手机。手机是一把双刃剑，一方面方便了人与人之间的联系造福人类，另一方面五花八门的各种游戏却在坑害当代青少年。游戏开发商要严格审核玩家身份，各类互联网公司也有严加规范，同时政府也要出手干预。 作为,null,2017-5-29,"1
",2,0.90643,0.957893,0.0421066
魚刺_bone,这种事正常的父母都会关起门来要教训要打要骂都自己在家进行 怎么会放到媒体上来让全世界的人都指责自己的孩子 还当着媒体面扇耳光我相信任何一个父母都不会这样的 新闻真实性有待考察吧 新一代的年轻人也不见得有多糟糕 而是媒体想让群众觉得糟糕吧,null,2017-5-29,"
",0,0.983277,0.00752509,0.992475
胖仙女哇哈哈,然而我玩游戏从不充钱，从初中到现在大学毕业，反正是个虚拟东西，也不会有虚荣心,null,2017-5-29,"
",0,0.341297,0.296416,0.703584
来自小马的木木,主播还是可以哒,null,2017-5-29,"
",2,0.193212,0.636946,0.363054
魚刺_bone,如果是正常母亲的反应不应该是自己关起门来打或骂都是自己家的事么？为什么要闹到媒体 为什么要让全世界都骂自己儿子？可信度有待考察吧 就是因为现在这些乱七八糟的新闻让人人都觉得现在的小孩怎么怎么样 我觉得不一定是小孩多么不好而是世界想让人觉得不好,null,2017-5-29,"
",0,0.97175,0.0127124,0.987288
换个酷一点的ID,怎么又有这种事,null,2017-5-29,"
",0,0.127295,0.392717,0.607283
伊凯锐思的超级粉丝,农药毒性太大,null,2017-5-28,"1
",0,0.482781,0.232748,0.767252
谢景行的娇娇,王者农药🙃,null,2017-5-28,"
",2,0.027158,0.562221,0.437779
有肉不在褶儿上,真是遇上一位好主播,null,2017-5-28,"
",2,0.136879,0.611595,0.388404
你的一打哒哒哒,现在的小孩子越来越不懂事了,null,2017-5-28,"
",0,0.141866,0.38616,0.61384
柠茶果子酱ZYC,这个孩子真的太不懂事了，才12岁就这样,null,2017-5-28,"
",0,0.581989,0.188105,0.811895
Pkapka-罒v罒-,这样一对比，我男朋友游戏充了六千简直不算什么了,null,2017-5-28,"
",0,0.729407,0.121767,0.878233
TC_zjc,这主播确实不错,null,2017-5-28,"
",2,0.489883,0.770447,0.229553
崔路宽95762,这个孩子没救了,null,2017-5-28,"
",1,0.476071,0.473804,0.526196
崔路宽95762,这个孩子没救了,null,2017-5-28,"
",1,0.476071,0.473804,0.526196
此去那个经年,直接别让孩子看自己支付密码不就是了。心疼这位妈妈,null,2017-5-28,"
",0,0.389243,0.274841,0.725159
胡杨飘飘1996呀,惯子如杀子，主播平台应该把钱退回来,null,2017-5-28,"
",0,0.476713,0.235479,0.764521
路过芳草,孩子不懂得体谅父母，肆意花钱，爸妈不知道管好自己孩子，控制孩子花钱，密码让孩子知道，都有错。然后一出事都是游戏公司和主播的事了，还好主播人好把钱退了,null,2017-5-28,"
",1,0.256303,0.462815,0.537185
幻亦明,儿子哪知父母的辛苦,null,2017-5-28,"
",1,0.874518,0.506274,0.493726
五哥6064391285,不知道爸妈赚钱的辛苦我住在农村我清楚知道爸妈要赚多累基本上一天在摘茶叶忍受一整天太阳的暴晒 一年给我读书和买生用品也剩不下多少到底要多久存好的钱 我不知道他爸妈做了这么久幸苦了这么久省了这么久这样对待爸妈的钱这样的孩子是什么想法求平台返还全部的钱我虽然不认识他们我真的看不下这钱没了,null,2017-5-28,"
",0,0.919043,0.0364306,0.963569
Ju丶皓晨晨,12岁都这样了那15 16岁更不好教，这熊娃已经没法教了只能等他自己认清了才好改，但是看他这种态度估计不可能了，再过几年没钱的时候估计就会开始把手伸向他人了,null,2017-5-28,"
",0,0.959472,0.0182377,0.981762
困困困困了觉,所以为什么要让孩子知道银行卡密码,null,2017-5-28,"
",0,0.0554958,0.425027,0.574973
Mckinney333,@赵赵祥昱,null,2017-5-28,"
",1,0.552884,0.522356,0.477644
黑夜派-Crow,他们怎么知道支付密码的？,null,2017-5-28,"
",0,0.382626,0.277819,0.722181
anmy是我,王者荣耀危害健康,null,2017-5-28,"
",2,0.0331647,0.564924,0.435076
賦世君,不是钱的问题，我就想打死他,null,2017-5-28,"
",0,0.857963,0.0639166,0.936083
刘志武无敌2010,早知道这样，还是不是如当初掐死算了，,null,2017-5-28,"
",0,0.882041,0.0530814,0.946919
王大颖呐,这个孩子真的是白养了，当妈的虽然辛苦但是也要反省为什么孩子会这样，没教育好的下场，主播算是有良心的了,null,2017-5-28,"
",0,0.354244,0.29059,0.70941
两袖清风随风飘,一部手机不囤货就能赚钱,null,2017-5-28,"
",0,0.298233,0.315795,0.684205
霜女王秒杀一切,这孩子生活在环卫工人家庭，生活条件比不上其他同学，心理又不成熟，网络平台恰好给他提供了满足虚荣心的渠道…说到底还是沟通和教育的问题，贫困家里的孩子很多都是两个极端，要么特别稳重懂事，要么就是彻底熊。,null,2017-5-28,"
",2,0.865669,0.939551,0.0604492
我是妮妮happy,小学生就不能佩戴手机,null,2017-5-28,"
",0,0.232908,0.345191,0.654809
LT-Yu,平时教育的也挺好的,null,2017-5-28,"
",2,0.815199,0.91684,0.0831603
真的好圆好圆啊,@岚岚是我女神,null,2017-5-28,"
",2,0.00361456,0.551627,0.448373
洛奇是一只猫,所以这就是中国的现状？,null,2017-5-28,"
",0,0.335294,0.299118,0.700882
bearbug的Tina,孩子不用用心抚养么，难道只用给生命就可以了,null,2017-5-28,"
",2,0.264992,0.669247,0.330753
小雅的灿烂生活,养不教父之过，父亲呢？要说人家游戏主播也没有错，只是孩子对钱太没有概念了。我们学校也有个小孩，父母也是清洁工人，偷拿了母亲的银行卡，刷了2000多，还分给其他小朋友，最后又让老师挨着问其他小孩的家长讨回来，太可恶了。,null,2017-5-28,"
",0,0.793166,0.0930754,0.906925
小K热巴老公冷巴老婆,也不知道该说什么。母亲真的很可怜，12岁充值那么多是有点过了！太过了！我最多也就充值过累计200元玩游戏。怎么还有人批判母亲？,null,2017-5-28,"
",0,0.907493,0.0416283,0.958372
三歪子哥哥,这个孩子是个废物。看他样子已经学坏了,null,2017-5-28,"
",0,0.316275,0.307676,0.692324
独特式温柔,叛逆期,null,2017-5-28,"1
",2,0.00688261,0.553097,0.446903
shepherdering,现代网络给了穷人败家的机会,null,2017-5-28,"
",2,0.532344,0.789555,0.210445
我叫KIY_Fee,又是王者荣耀。。。上次不还是一个小女生花掉十几万吗。。。,null,2017-5-28,"
",0,0.202979,0.358659,0.641341
寻找一只泡泡龙,唉 母亲这么辛苦估计没什么时间管他 自己又不学好,null,2017-5-28,"
",0,0.911642,0.039761,0.960239
r互撸娃,打你爸爸的游戏@谈恋爱吗小姐姐,null,2017-5-28,"
",0,0.0029046,0.448693,0.551307
临沂看点,借此新闻希望呼吁游戏平台，加强对小学生的管控好不？！被坑的心情能理解么？,null,2017-5-28,"
",0,0.960319,0.0178567,0.982143
AAA_DMG影视圈,农药，玩坑的不开心，不玩慌的不开心，确实有毒！#小学生打赏主播刷四万元#,null,2017-5-28,"
",0,0.346951,0.293872,0.706128
手机用户1914989355,其实这样的孩子已经这样了。。教育不过来的。。以后对社会也会有危害，潜藏的隐患也很大。对父母的辛苦都不理解，教育上有缺失，但是本人也有使然。所以本性难移，这孩子不如弃了吧。没啥用。。除了败坏之外真的没啥用。,null,2017-5-28,"
",0,0.945744,0.0244151,0.975585
陈丹萍小朋友,哇，头皮发麻，这个小学生是真皮…………沙发，沙发,null,2017-5-28,"
",2,0.217533,0.64789,0.35211
流年散尽浮尘泪,教育缺失，从小偷家里钱，而且还数额不小，这孩子对钱还缺乏概念，败家行为，需要好好教育纠正，否则对以后发展不利,null,2017-5-28,"
",0,0.828333,0.0772501,0.92275
河北泥巴哥a,拜金主义达到最高风了，本来是要饭的行业，确是全社会追风，全民变主播，比传销还可怕，都做等完蛋吧。,null,2017-5-28,"
",0,0.456247,0.244689,0.755311
160的仙子,我最反感这个王者荣耀了，不知道害了多少小孩,null,2017-5-28,"
",0,0.438049,0.252878,0.747122
霜冻寒天雪,同样是未成年人 看看人家孩子当主播 挣了4万,null,2017-5-28,"
",0,0.514015,0.218693,0.781307
内心毫无波澜甚至还想吃羊肉串,只想说打得好,null,2017-5-28,"
",0,0.164619,0.375922,0.624078
DF星阁,为他父母心疼三秒,null,2017-5-28,"
",2,0.100462,0.595208,0.404792
神一样的王者11,玩多游戏伤身啊,null,2017-5-28,"
",2,0.466208,0.759794,0.240206
神一样的王者11,主播还算好心,null,2017-5-28,"
",1,0.763963,0.511802,0.488198
为什么我不够强大,我疯了，自己家里什么条件，自己不清楚，还这样子。现在的小学生我也是醉了,null,2017-5-28,"
",0,0.267098,0.329806,0.670194
鸿宝宝的鸿,主播挺好的愿意收到的都退,null,2017-5-28,"
",2,0.489689,0.77036,0.22964
优飞无人机俱乐部,教育缺失,null,2017-5-28,"
",1,0.617789,0.519111,0.480889
算一块小饼干,腻害了我的小学生,null,2017-5-28,"
",0,0.133768,0.389804,0.610196
666pd,他还是个孩子，还小，直接打死算了,null,2017-5-28,"1
",0,0.733391,0.119974,0.880026
杨木菜,怎么那么不懂事。,null,2017-5-28,"
",0,0.243001,0.34065,0.65935
孩子是个假小子,我这个年龄时也看直播，可是从来没打赏过主播，现在的小学生真牛逼,null,2017-5-28,"
",0,0.356496,0.289577,0.710423
jjsjsjsjjj_994,这孩纸。。,null,2017-5-28,"
",1,0.0529933,0.54735,0.45265
程绾青,垃圾王者，王者毁了多少人啊🙄,null,2017-5-28,"1
",0,0.954989,0.020255,0.979745
请让我自闭一会儿,小学生,null,2017-5-28,"
",1,0.930286,0.503486,0.496514
澜晴200910,10～13岁为早期叛逆 14～16岁为中期叛逆 17～20岁为高峰叛逆 一个环保人员的孩子，自尊心太强了，只能说可怜之人必有可恨之处了,null,2017-5-28,"
",0,0.375124,0.281194,0.718806
Infinite_幸运,心疼这位阿姨。,null,2017-5-28,"
",1,0.438043,0.528098,0.471902
今生所爱之1314,是时候成立王者农药戒毒所了！,null,2017-5-28,"
",2,0.115423,0.60194,0.39806
花小苏14896,这孩子真是丧尽天良该死了，父母亲亲苦苦赚来的血汗钱，不承认的那个理直气壮，我这个窝火,null,2017-5-28,"
",0,0.848188,0.0683152,0.931685
迷人大青蛙,的却是“亡者农药”,null,2017-5-28,"
",0,0.14522,0.384651,0.615349
桂君小朋友,求这主播ID,null,2017-5-28,"
",0,0.0833231,0.412505,0.587495
酒过三巡谈起你,一个孩子哪来真么重的虚荣心，犯错撒谎脾气还挺大。送些孩子两句话 爱慕虚荣可以但是一定要靠自己，脾气永远不要大过自己嗯本事。,null,2017-5-28,"
",0,0.724706,0.123882,0.876118
Mid丶ILy_,教书育人 先灭腾讯。,null,2017-5-28,"
",2,0.0306651,0.563799,0.436201
李翠花LBH,还是跟孩子天性有关吧，父母教育只是一部分，重要的还是自己。我父母都是没读过书的农民，我12岁的年纪也没这样过。,null,2017-5-28,"
",0,0.401726,0.269223,0.730777
Akr光,最大的问题不是直播平台炒起来的送礼物嘛 就因为有这种平台加重了攀比心理🙄,null,2017-5-28,"
",0,0.174887,0.371301,0.628699
这个水手怕水浪,孩子怎么知道密码？家长忽略还是银行卡的漏洞？,null,2017-5-28,"
",0,0.490068,0.22947,0.77053
用户f1u42auokd,直播平台，就是在洗脑！不要说这么小的小孩啊😱就我一成年人，在kk 直播间，都刷了接近一万元了现在后悔莫及了,null,2017-5-28,"
",2,0.00152244,0.550685,0.449315
山今baby,可怜之人必有可恨之处，卡号和密码如果你不说，谁会知道，生儿不教是父母之过，平时没有教育好，出了问题就出来鬼叫，怪谁谁呢？,null,2017-5-28,"
",0,0.735807,0.118887,0.881113
爱情和面包我都要,这孩子 太不懂事了,null,2017-5-28,"
",0,0.437157,0.253279,0.746721
-日辰日辰-,只是心疼这个妈妈,null,2017-5-28,"
",2,0.148058,0.616626,0.383374
李根蜀黍,归根到底当父母的没有尽到责任，,null,2017-5-28,"
",0,0.122695,0.394787,0.605213
魏小月半,主播人也是不错的 谁知道这个主播的微博,null,2017-5-28,"
",2,0.415642,0.737039,0.262961
隔壁大湿你好,可怜的母亲养了这么不成器的家伙！知道你妈赚钱有多辛苦吗吊起来打让他长长记性,null,2017-5-28,"
",0,0.611177,0.174971,0.825029
买葱种田,辣鸡,null,2017-5-28,"
",2,0.0944735,0.592513,0.407487
小陈陈是逗比的现实家,@服啦鸡米花 这教育,null,2017-5-28,"
",1,0.112438,0.455622,0.544378
松本家的小咸鱼,这个小孩的家庭教育有问题很叛逆,null,2017-5-28,"
",0,0.188102,0.365354,0.634646
low裤,现在的手机游戏对未成年人监管不严！家长们建议你们把微信qq都锁起来！不然害人害已啊！,null,2017-5-28,"
",0,0.825323,0.0786044,0.921396
云淡风轻1826,又是熊孩子……,null,2017-5-28,"
",1,0.306849,0.534658,0.465342
狡兔三窟哦哦,这小孩子该打pp了,null,2017-5-28,"
",0,0.120593,0.395733,0.604267
怕硬哥哥,这,null,2017-5-28,"
",1,0.763365,0.488168,0.511832
不偷腥的猫·,不得不说王者荣耀确实耽误了很多人，比如我，不过这也怪不得别人，自己自制力不够，玩物丧志,null,2017-5-28,"
",0,0.399192,0.270364,0.729636
言0708,这小孩以后也不会干出什么好事来，有可能会往犯罪的道路上走。唉。,null,2017-5-28,"
",0,0.856046,0.0647792,0.935221
言0708,这小孩算是废了。,null,2017-5-28,"
",0,0.293181,0.318068,0.681931
王雨佳是大猪蹄子,畜牲,null,2017-5-28,"
",1,0.63708,0.518146,0.481854
王108蛋,中国人真的完犊子，一个比一个垃圾,null,2017-5-28,"
",0,0.622747,0.169764,0.830236
添福的团丸,每次一有未成年人打赏主播，都会上我的政治试卷，熊孩子们收手吧好痛苦,null,2017-5-28,"
",2,0.626801,0.832061,0.167939
净静京,这孩子一点都不知道父母有多么不容易！做错事还不承认错误！真应该让他去扫大街，让他知道钱来的多么不容易！,null,2017-5-28,"
",0,0.794002,0.0926988,0.907301
用户6198024035,这种孩子这个好好教训一下，这个小孩以后长大都没有什么用的。,null,2017-5-28,"
",0,0.655604,0.154978,0.845022
半城繁华半城伤101,12岁干这种事，还骂自己的母亲，简直是畜牲,null,2017-5-28,"
",0,0.638069,0.162869,0.837131
辉煌偶巴,要是我的我打死他,null,2017-5-28,"
",0,0.454931,0.245281,0.754719
霸道的柴总,主播还是个良心主播愿意退一点，大部分钱还是让龙珠挣去了,null,2017-5-28,"
",0,0.813121,0.0840955,0.915904
我喜欢的样子你必须有,主播也是未成年，好腻害,null,2017-5-28,"
",2,0.190111,0.63555,0.36445
寶吥快樂,败家啊,null,2017-5-28,"
",2,0.137701,0.611965,0.388035
我很乖我很乖我,这个主播人可以的真的良心主播，唉这个傻孩子,null,2017-5-28,"
",0,0.191633,0.363765,0.636235
翻滚吧_落尘,建议立法直播平台实名认证,null,2017-5-28,"1
",2,0.00388781,0.55175,0.44825
孙笑川的双节滚,讲真这种熊孩子要被打死,null,2017-5-28,"
",0,0.316841,0.307422,0.692578
圭草之初,12岁限制民事行为能力人，这钱应该退回啊，平台干嘛不给退,null,2017-5-28,"
",0,0.787228,0.0957475,0.904252
用户6193441022,真心话，不该退钱给她，自己没有教育好孩子，该收到惩罚的是孩子和自己。从人情冷暖和道义上该退给她，只限于同情，但是父母没有教育好孩子的责任不可逃避！！令人深省！！,null,2017-5-28,"
",0,0.98315,0.00758252,0.992417
33不喝酒,这个孩子以后可能会走向犯罪的道路,null,2017-5-28,"
",1,0.753937,0.512303,0.487697
程天佑4,唉,null,2017-5-28,"
",0,0.423264,0.259531,0.740469
被氧化的HCl,主播人挺好的 如果不想退 可以推脫到公會 而如果找公會 還錢的几率不大,null,2017-5-28,"
",2,0.072735,0.582731,0.417269
林小独独,说真的教育很重要。我要是有这种儿子我不狠狠教育。,null,2017-5-28,"
",0,0.483994,0.232203,0.767797
不会爱687,额，为什把密码给他,null,2017-5-28,"
",1,0.408425,0.470421,0.529579
周星星tang,这种小孩从小就要教育好,null,2017-5-28,"
",2,0.410881,0.734897,0.265103
萌萌哒滴菠萝酱,妈妈确实很不容易，但她也不太懂教育孩子呢，当着外人就是打打打，小孩从小估计也是这样长大的，长成这样也是很无奈的。,null,2017-5-28,"
",1,0.144659,0.542767,0.457233
白花蛇草水Bhscs,打赏还不如买装备呢,null,2017-5-28,"
",0,0.233214,0.345054,0.654946
顾昀缓缓举起了雪凤冰王笛,孩子不行都是爹妈的错啊。,null,2017-5-28,"
",0,0.233176,0.345071,0.654929
长乐会不会永远未央,应该取消直播平台打赏的功能 主播可以通过直播平台卖东西都可以 我就蛮喜欢聚美的主播推荐一些衣服一些护肤品化妆品啥的 挺接地气的,null,2017-5-28,"
",2,0.855883,0.935147,0.0648528
长乐会不会永远未央,虽然我觉得我这样说不对 但是看到这样的孩子 我真想送去杨永信那个电一电 太气人了 她妈妈多么辛苦都说穷人的孩子早当家 一点都不为妈妈考虑！,null,2017-5-28,"
",0,0.932015,0.0305934,0.969407
KaKa-Katherine,直播平台应该好好规范一下了,null,2017-5-28,"
",2,0.388563,0.724853,0.275147
張詩惠FixedGear,这种就该打,null,2017-5-28,"
",0,0.146836,0.383924,0.616076
亲亲de萌灞,这个孩子12岁不算小了 ，贫穷山区的孩子这么大 会洗衣服 的家务了 @神经树-微信公众号 查询朋友圈的访客 请 找他帮忙,null,2017-5-28,"
",2,0.353994,0.709297,0.290703
西方亮之狮,现在的校园贷和网络直落直播打赏，呵呵#小学生打赏游戏主播##花式闹新春##超级话题##没事闲扯淡#,null,2017-5-28,"
",2,0.829895,0.923453,0.0765475
今天也必须早睡啊,其实父母有很大的问题 平时缺乏交流，心态肯定是我都工作累的要死。你就不能自己又乖又听话 ，自强又出息,null,2017-5-28,"
",0,0.39758,0.271089,0.728911
Yukon沙发客,长大后又是一个社会渣子,null,2017-5-28,"
",1,0.022881,0.548856,0.451144
BY博杨z,搞不懂了，应该命令禁止小学生玩王者荣耀,null,2017-5-28,"
",0,0.432344,0.255445,0.744555
雷蒂娅_阿道夫,妈的，小时候干的事跟这熊孩子比起来差太多啊！那时候被打的要死要活，还跪了一晚上，就再也不敢了，听我的，往死里打一顿绝对有用,null,2017-5-28,"
",0,0.303617,0.313373,0.686628
今天喜欢苏音千总,妈妈的钱放在微信钱包里？,null,2017-5-28,"
",1,0.350496,0.467525,0.532475
小貂蝉贼溜,我发现现在所有的新闻都喜欢针对王者荣耀了 会把王者荣耀几个字写得非常打眼 不过话说农药真的很好玩呐,null,2017-5-28,"
",2,0.907828,0.958523,0.0414774
且度今朝,各种平台上的实名制来矫正或者说是保护未成年人真得挺重要的。主播人也是超级好,null,2017-5-28,"
",2,0.756788,0.890555,0.109445
lzcPrincess,主播房间号多少？,null,2017-5-28,"
",0,0.140282,0.386873,0.613127
漩涡猫神,这孩子也是废了，就不回来了！,null,2017-5-28,"
",0,0.551082,0.202013,0.797987
起名是真滴烦,以前没有智能手机，用我爸的金立偷偷包五块钱的流量上qq都怕被他发现……,null,2017-5-28,"
",0,0.653025,0.156139,0.843861
Lin小草,这是龙珠被黑的最惨的一次,null,2017-5-28,"
",0,0.299973,0.315012,0.684988
此侽仔狠壊,熊孩子。。,null,2017-5-28,"
",2,0.112938,0.600822,0.399178
我不吃海带和胡萝卜,我心疼我妈都来不及 还几千几千的花 我22自己有收入都没他这么大手大脚 这孩子真心觉得废了,null,2017-5-28,1,0,0.436538,0.253558,0.746442
