#青少年防沉迷系统#,,,,"
"
username,comment,interact,date,"likes
",sentiment,confidence,positive_prob,negative_prob
条件男友,救救网站多管孩子吧,共64条回复,5-28 10:55,"3140
",0,0.0311536,0.435981,0.564019
兔玖Nim,我就问能不能管管充了VIP还有广告的事情,共71条回复,5-28 10:56,"2178
",0,0.417848,0.261968,0.738032
Irene-始知相忆深,为啥不给成年人也来个成年人模式,共31条回复,5-28 11:01,"1748
",1,0.589952,0.479498,0.520502
锦鲤小哥,刚刚发现微博也有青少年模式了,共25条回复,5-28 10:55,"742
",0,0.0611981,0.422461,0.577539
一个超酷得文科生,我希望彻底打击针对少年儿童的游戏主播，满嘴污言秽语，这个行业就不应该存在,共66条回复,5-28 10:55,"545
",0,0.827432,0.0776557,0.922344
今天吃啥bot,感觉没用啊，小孩子想要还是玩的到的。。。,共42条回复,5-28 10:55,"474
",0,0.289361,0.319788,0.680212
蒙娜丽莎摄影总店,监管是一方面，最主要还是要看家长的引导,共9条回复,5-28 10:55,"355
",2,0.097625,0.593931,0.406069
洪世贤,还是觉得出了模式没啥用,共12条回复,5-28 10:55,"227
",0,0.525772,0.213402,0.786598
高个子联谊全国3,什么都赖软件，赖别人，其实挺搞不懂现在的家长的，恕我直言，别什么都赖外在因素，找找自身原因，难不成以后所有东西都关闭了才好么？,共6条回复,5-28 11:27,"298
",0,0.970178,0.0134197,0.98658
佛系佛系的柠檬,除非实名认证了才可以打开APP，不然照样可以玩,共6条回复,5-28 10:56,"112
",0,0.392546,0.273354,0.726646
克莉芙兰_响歌,怎么才能分辨出我不是未成年呢,共12条回复,5-28 10:55,"83
",0,0.615225,0.173149,0.826851
高个子联谊全国3,能不能直接分级？可以解决好多事情。你们就是为了自己的利益不顾大众的合理诉求呗,共3条回复,5-28 11:26,"96
",1,0.777975,0.488899,0.511101
让每个人穿的起我们,这届小学生已经被海陆空全面包围了,null,5-28 10:56,"76
",0,0.278209,0.324806,0.675194
公益宝,六一儿童节也没什么好礼物送，送各位小朋友们一套防沉迷系统吧！,共1条回复,5-28 11:04,"88
",0,0.37842,0.279711,0.720289
高个子联谊全国3,成人沉迷就不管了吗？救救我,共2条回复,5-28 11:26,"40
",0,0.357548,0.289103,0.710897
不拈花我只惹草,话说 打算怎么指导[疑問],共2条回复,5-28 10:55,"22
",2,0.0200699,0.559031,0.440969
戏精扎卡,梨视频这种资讯短视频app都被管制了哪个未成年人能看新闻入迷了那就是真的未来国家栋梁了,共3条回复,5-28 11:41,"40
",0,0.434357,0.254539,0.745461
游戏投稿箱,然而并没有什么用，还是有疑车,共1条回复,5-28 10:57,"20
",0,0.159151,0.378382,0.621618
Sophia_mlz,成年人也沉迷～,null,5-28 10:57,"12
",2,0.464882,0.759197,0.240803
baby630_279,这个政策是不错，但如何确实的遵行，更是落实后的重点,null,5-28 10:57,"12
",2,0.101166,0.595525,0.404475
童年无忌Naivy,我觉得主要还是靠教育大人为主吧 大人自己都控制不住 怎么教孩子不沉迷？,null,5-28 11:00,"14
",0,0.281692,0.323238,0.676761
萧萧雨歇冷清秋,支持,null,5-28 10:55,"9
",2,0.589711,0.81537,0.18463
超多滴,很好,共2条回复,5-28 10:54,"9
",2,0.883545,0.947595,0.0524047
蔚蔚今天学习了吗,我觉得搞青少年防沉迷不如搞未成年孩子的家长防沉迷系统，家长手机被防沉迷了孩子就真的彻底没办法了求求你们放下手机管管孩子陪陪孩子吧，别让孩子出来祸害我们单身成年人了🙃,null,5-28 11:43,"11
",0,0.96376,0.0163078,0.983692
高个子联谊全国3,我认为还应该把这些所有平台结合起来，要不然的话每个平台玩一会儿，算下来还是沉迷,共2条回复,5-28 11:27,"8
",2,0.367567,0.715405,0.284595
圈圈睡不醒呀,家长不要把自己的责任甩给社会甩给别人，包括我们自己，以后如果有了孩子，也要这样,共1条回复,5-28 11:22,"6
",0,0.514886,0.218301,0.781699
宋小喵er,我这成人都用青少年模式了 是在控制不住记几...,null,5-28 10:56,"6
",2,0.125751,0.606588,0.393412
爱吃大草莓哟,我感觉我也容易沉迷有时候停不下来,null,5-28 10:55,"6
",2,0.149663,0.617348,0.382652
天天love凯心,三岁不到的侄女沉迷于小视频，不看不吃饭，好担心眼睛近视！🙏,共7条回复,5-28 11:07,"8
",0,0.0261013,0.438254,0.561746
刺猬驯养官,真心建议不要一刀切，儿童就要有儿童的限制，请不要为了儿童把成年人的东西全都禁止了好吧，能不能关心一下成年人的需求啊，我好不容易长大了，全都给我删了禁了,null,5-28 11:47,"10
",0,0.574101,0.191655,0.808345
不努力我就吃屎,可不可以分级啊，电影分级，买电影票的时候需要身份证验证这样，然后不在播放器上上映可以吗。,null,5-28 11:23,"6
",0,0.0201607,0.440928,0.559072
有朝一日游天边诸神跪在我身边,短视频app是真的该推行,null,5-28 10:56,"7
",0,0.351509,0.291821,0.708179
洧點槑媣,没有弹幕就过分了啊,null,6-4 01:23,"3
",0,0.103416,0.403463,0.596537
少先队长茜品品,连微博都有了,null,5-28 11:02,"3
",0,0.0203641,0.440836,0.559164
珊珊江,支持,null,5-28 10:55,"3
",2,0.589711,0.81537,0.18463
沄汐Fine,央央，哔哩哔哩是我的快乐源泉,null,5-28 11:10,"6
",2,0.369345,0.716205,0.283795
静定观心,必须严查 严惩 黄赌毒,null,5-28 10:56,"4
",2,0.0591824,0.576632,0.423368
DJ1213,主要是怎么分辨是不是青少年？身份证的话，这个真不是很有用，用家长身份证的，网上买身份证号的，这个怎么有效监管？还是想网络文学一样一棒子打死？,共2条回复,5-28 10:57,"5
",0,0.841257,0.0714343,0.928566
小孩儿的米粒,支持,null,5-28 10:57,"2
",2,0.589711,0.81537,0.18463
张雪婕AiL,什么都赖软件，赖别人，其实挺搞不懂现在的家长的，恕我直言，别什么都赖外在因素，找找自身原因，难不成以后所有东西都关闭了才好么？,null,5-28 11:23,"8
",0,0.970178,0.0134197,0.98658
nini鸭_,游戏搞了防沉迷还不行？？？？求求你分级吧 我们这些还差几个月成年的人还要遭受防沉迷,null,5-28 11:18,"6
",0,0.882056,0.053075,0.946925
游加贺,讲真这些app一个都没装。还是台式机好用 不然永远只能用手机打一些傻网游,null,5-28 11:07,"4
",0,0.726146,0.123234,0.876766
目玉烧饭团团团,？你怎么确定在用软件的是青少年？？实名吗？实名也会有孩子借大人的账号啊？？？有什么意义呢？,null,5-28 12:29,"3
",0,0.849428,0.0677573,0.932243
Raina-lxy,好棒👍,null,5-28 10:55,"2
",2,0.26066,0.667297,0.332703
暗香泄露,不让人好好过节啦,null,5-28 10:55,"2
",2,0.0811964,0.586538,0.413462
渣男侦探所,很好,null,5-28 10:54,"2
",2,0.883545,0.947595,0.0524047
华晨宇最胖的ET,可以,null,5-28 10:54,"2
",2,0.447676,0.751454,0.248546
汝家小仙女吖,干得漂亮！,null,5-28 10:54,"2
",2,0.640722,0.838325,0.161675
出谷忧兰,多播放一些爱国体材的电影电视记录片，从小要让孩子真正爱国爱党，孩子参加少先队员佩戴红领巾仪式，做为一名家长我深深的感到，对大部分孩子来讲只是种仪式而非一种光荣，小学教育很不到位，希望国家重视小学生的爱国教育(切莫形式主义)@人民日报 @央视新闻,共1条回复,5-28 11:13,"4
",2,0.818578,0.91836,0.08164
慕屿桐,？？？,null,5-28 10:54,"1
",0,0.431983,0.255608,0.744392
搞毛二哥的庇佑,acfun这次有牌面了,null,5-28 11:37,"3
",2,0.077487,0.584869,0.415131
MZ王萌哲,还是看家长的，我们小时候唯一的电子娱乐活动就是看电视，当时不懂事，不让看也是哭闹。家长就把电视遥控器放起来。或者强制把电视关机。当时虽然不理解，但家长管理强硬一些是真的有用。毕竟当时的电视和现在的软件网站是无意识。,null,5-28 11:35,"3
",0,0.911129,0.0399918,0.960008
偏渴望你懂Y,还好我成年了哈哈哈哈哈哈哈哈哈哈哈哈哈哈哈哈哈哈哈哈哈哈哈哈哈哈哈哈哈哈哈哈哈哈哈哈哈哈哈哈哈哈哈哈哈哈哈哈哈哈哈哈哈哈哈哈哈哈哈哈哈哈哈哈,null,5-28 11:28,"2
",2,0.977422,0.98984,0.0101601
TI_China,为什么什么都还没弄，直接就认证青少年模式了？@央视新闻,共1条回复,5-29 16:56,"1
",0,0.652906,0.156192,0.843808
云墨斋国画,然而并没有什么卵用,null,5-28 14:06,"2
",0,0.228446,0.347199,0.652801
Darling_xixi18,下有对策,null,5-28 13:28,"2
",1,0.162209,0.54189,0.45811
咖啡丶饼干,那不就是多申请几个帐号的事嘛，,null,5-28 13:06,"3
",0,0.234571,0.344443,0.655557
透明的爱,鬼舞步 我也是醉醉的 好不好看 心里没点bi数吗,null,5-28 12:28,"1
",1,0.582259,0.520887,0.479113
小灵芝婴,救救孩子吧！我不想颓废,null,5-28 12:25,"2
",0,0.171392,0.372874,0.627126
-SUN-8,国家网信办：网络视频平台全面推行青少年防沉迷系统,null,5-28 11:49,"1
",2,0.26703,0.670164,0.329836
爱云南的天空,微博上卖色情信息的点赞号了解一下。,null,5-28 11:44,"4
",2,0.644016,0.839807,0.160193
黑胡椒控炒鸡脑洞侠,没有用,null,5-28 11:42,"1
",0,0.0662735,0.420177,0.579823
Freedom_藝耀,只要不看快手，别的都还好，快手乃中国乡村土鳖脑残集中营,共2条回复,5-28 11:33,"2
",2,0.048819,0.571969,0.428031
1twitter,vip还有广告，请管一下,null,5-28 11:32,"1
",1,0.0439596,0.452198,0.547802
宝晨宝晨宝,有没有防成年人沉迷模式,null,5-28 11:19,"2
",2,0.155602,0.620021,0.379979
Lucifer林雪涯,我不怕了，成年了,null,5-28 11:01,"2
",1,0.961603,0.50192,0.49808
接下来我要艾特一条狗哦,我这个无趣的人啊，全没中。。。。。。。,null,5-28 10:57,"2
",0,0.349353,0.292791,0.707209
红蓝没有橙,a站还活着呢,null,5-28 10:57,"3
",2,0.041934,0.56887,0.43113
炸鸡要配冰阔乐,那会有成人模式吗,null,5-28 10:56,"2
",0,0.0338703,0.434758,0.565242
比孙红雷帅一点的oh,保障青少年儿童的健康成长才能保障祖国未来繁荣发展,null,5-28 10:56,"2
",2,0.328791,0.697956,0.302044
希望妈妈每天都开心吖,他们小孩自己有手机的才不会设置,null,5-28 10:55,"2
",0,0.582739,0.187767,0.812233
欧肥扬,六一不沉迷啥时候沉迷啊，清明节吗？,null,5-28 10:55,"2
",0,0.547919,0.203436,0.796564
柯南隐身术,求求你们救救打游戏的吧，能不能出个游戏新规,null,5-28 11:23,"2
",0,0.106535,0.402059,0.597941
MsBlanche,我说嘛，今天开这些软件全都有青少年漠视，不错不错，很好👏👏👏👏,null,5-28 11:52,"1
",2,0.846752,0.931038,0.0689617
chen16649,没用，这个要靠小孩自觉，你再怎么限制，也限制不了人心。比如我表弟，你不让他玩手机，他宁愿在床上躺着，也不愿意花十分钟看点书,null,5-28 11:42,"2
",0,0.957503,0.0191239,0.980876
我已经疯球辽,防沉迷不够直接让他们不能玩吧 自己不能谈恋爱连看人谈恋爱都受限制,null,5-28 11:39,"2
",0,0.910452,0.0402965,0.959704
广电还我小金木,光搞防沉迷，分级什么时候上？？？？,null,5-28 11:36,"1
",0,0.711246,0.129939,0.870061
老仙女陆小姐,现在孩子的管理都是社会的责任了，父母没啥事了，孩子一犯错，个别父母就怪社会的没管好，我看要是属于教育管理孩子是社会的责任这类的父母麻烦你们不要生孩子了,null,5-28 11:31,"1
",0,0.877396,0.0551717,0.944828
Louvred,为什么不分级？,null,5-28 11:29,"1
",0,0.762426,0.106908,0.893092
听雪予红尘,分级分级分级，救救成年人吧,null,5-28 11:24,"
",1,0.968442,0.501578,0.498422
丿一只灬毛球,还是作业太少了，加大力度，谢谢,null,5-28 11:21,"1
",0,0.273559,0.326898,0.673102
Vincialign达芬奇,现在已经不光是黄色的东西毒害青少年，那些土味视频的毒性的也很强！,null,5-28 11:09,"2
",1,0.323245,0.533838,0.466162
80岁的女生,色情的太多了,共2条回复,5-28 10:58,"2
",0,0.142739,0.385768,0.614232
改个名怎么那么难QAQ,咋的，今年连A站都查了,null,5-28 19:19,"2
",0,0.760798,0.107641,0.892359
ion_cannon_syc,绿坝呗，这种事情是家长的责任，家长管不住给了政府部门扩权的借口,共3条回复,5-28 11:28,"4
",0,0.481158,0.233479,0.766521
糖醋排骨不要排骨-,所以这就是给我们关弹幕的原因吗,null,6-3 23:52,"1
",0,0.140069,0.386969,0.613031
蔡律师6,动漫低俗露骨，禁了吧。韩剧恋爱学坏，禁了吧。新闻真实灰暗，禁了吧。小说沉迷虚幻，禁了吧。喜剧不务正业，禁了吧。音乐华而不实，禁了吧。哦哦对了，你们的性别差异会让孩子对性好奇，阉了吧，缝上吧 A}s,null,6-3 09:43,"2
",2,0.0342156,0.565397,0.434603
幸许是这样,忽略更新,null,5-28 21:52,"1
",1,0.489614,0.525519,0.474481
冥王黒翼喵,管管孩子，救救游戏，救救网站，救救网络,null,5-28 19:32,"1
",1,0.160624,0.458031,0.541969
明日之后策划李哲,空气防沉迷指日可待,null,5-28 19:13,"1
",1,0.516473,0.524176,0.475824
舞喵酱love,救救孩子吧。还有几个月成年的我很难受啊。。。,null,5-28 16:40,"1
",0,0.335177,0.29917,0.70083
命鍾鉒顁纟,淫秽色情，血腥暴力真的该管，现在暴力事件频发和这些不无关系…就想在某站看点动漫一直给我推送低俗、擦边球的视频，简直莫名其妙…,null,5-28 14:35,"1
",0,0.789275,0.0948261,0.905174
时间的玫瑰18,给大家科普一个词汇:奶头乐，详见微博万恶的资本真相~,null,5-28 13:31,"1
",0,0.128604,0.392128,0.607872
鱼鱿条一,太好了！管管我的小老弟吧！普天同庆,null,5-28 12:47,"1
",2,0.561547,0.802696,0.197304
花中第一流·,闲的慌 央视,null,5-28 12:23,"1
",1,0.629012,0.481451,0.51855
囝成,丧心病狂,null,5-28 12:15,"1
",1,0.214812,0.539259,0.460741
昴汜3,绿坝2.0之为了你好威力加强版,null,5-28 11:55,"1
",1,0.599021,0.520049,0.479951
sumako·药丸,刷身份证上网冲浪,null,5-28 11:53,"1
",1,0.506469,0.524677,0.475323
热心市民杨羊羊,搞分级是不是特别难啊？,null,5-28 11:46,"1
",0,0.708538,0.131158,0.868842
总感觉有些矫情,就快手，火山之流。。。我坚决不让儿子看，虽然有有益的，但更怕他随波逐流。小小思想，放不下大大的社会。,null,5-28 11:45,"1
",2,0.670381,0.851671,0.148329
宇宙超级无敌小可爱之宁宁,全国都断网吧 别弄这个网络世界了,null,5-28 11:38,"1
",1,0.635689,0.481784,0.518215
我永远喜欢安达恒爱姬,盗版猖獗的原因找到了,null,5-28 11:37,"1
",0,0.0868603,0.410913,0.589087
鹿初归,有时间搞这个能不能搞个分级，别啥啥都给我禁,null,5-28 11:33,"3
",0,0.346889,0.2939,0.7061
侍晓禹,以后各大网站打开后看到的第一句话 就是“请问你是否年满18岁” 然后下面有两个选项 A是 B不是 可甭管你是否真的年满18岁 只有你点了“是” 连身份验证都不用了 直接就可以进去享受网络带给你的快乐了,null,5-28 11:29,"1
",0,0.663209,0.151556,0.848444
新米提督o吉野,最终还得看家长。破解方法一大堆的。。就好像游戏防沉迷，用父母的身份证不就完了？有啥子用,共1条回复,5-28 11:29,"1
",0,0.154322,0.380555,0.619445
凌娅公子,能理解分级后会有法律空白和新老观念冲突的无奈，但是不能接受丝毫不去尝试的行为,null,5-28 11:28,"1
",0,0.516571,0.217543,0.782457
孤独远方日落,不知是好是坏，,null,5-28 11:24,"1
",0,0.256655,0.334505,0.665495
其隹马牙Lee,下一步是不是控制手机使用时间？,null,5-28 11:16,"1
",0,0.0946501,0.407408,0.592593
完全是可以烧的Faze,家长的孩子网站管,null,5-28 11:11,"1
",0,0.130707,0.391182,0.608818
Hiyori_做个善良的人呀,既然有青少年模式了，那能不能在审核的时候也分个级呢，青少年看青少年能看的，我们看自己的，不影响他们,null,5-28 11:06,"2
",0,0.728121,0.122346,0.877654
热情的狼什么,老年人沉迷打麻将看电视该不该限制?,null,5-28 10:57,"1
",0,0.25385,0.335767,0.664233
Dinosoar,成人呢？,共1条回复,5-28 10:54,"1
",1,0.255605,0.46278,0.53722
环游是无趣至少-,你倒是分分级撒,null,5-28 17:12,"1
",0,0.654437,0.155503,0.844496
冗长生命里有趣的_,自己生的孩子管不好怪网站,null,5-28 14:58,"1
",0,0.668934,0.14898,0.85102
Nolre,青少年是多大,null,5-28 12:24,"1
",1,0.88143,0.505929,0.494072
小梁子大纯子Jay,家长多管管孩子吧，我现在看个番都要被马吗,null,5-28 11:39,"1
",0,0.374721,0.281375,0.718625
Gemini_AB,挺好的 顺便跪求全民K歌开一个老年防沉迷系统吧 真的我妈天天熬着夜地回复歌友 定个闹钟睡一俩小时马上就起来发歌 天天劝都没用,null,5-28 11:27,"1
",2,0.190989,0.635945,0.364055
我真的是一个皇马球迷,国家推动的同时，也希望家长也用心管管孩子,null,5-28 11:02,"1
",2,0.244298,0.659934,0.340066
Woolf-Aliya,app自律了，想办法让家长们也自律一下吧。现在的家长知道什么都让孩子看什么都让孩子玩，生下来就没什么担当,null,5-28 10:58,"1
",0,0.167671,0.374548,0.625452
各种观光团荣誉成员,视频防沉迷……,null,5-28 10:55,"1
",0,0.140541,0.386757,0.613243
魔法少女的日常-,成年人没人权是吧,null,6-2 23:27,"
",0,0.155356,0.38009,0.61991
蝴蝶结-结,无语=_=,null,6-2 22:25,"
",0,0.781068,0.0985193,0.901481
cathy-zhou,没有用的！很多孩子用的是父母的信息去注册，怎么防？,null,5-29 17:01,"
",0,0.457698,0.244036,0.755964
PhoebeandMonica,这……这是儿童节的礼物还是？？,null,5-29 15:03,"
",0,0.508978,0.22096,0.77904
十年F,青少年的深度洗脑,null,5-29 09:45,"
",1,0.988273,0.500586,0.499414
穆叶青青,最终目的究竟是希望青少年向好的方向发展，还是就只想封禁视频以达到文化管制的目的，我始终存疑。,null,5-29 00:55,"
",0,0.719971,0.126013,0.873987
穆叶青青,为什么不利用这些平台发布有益青少年起到良好引导的视频呢？看，我们之间的观念跟想法就存在根本的不同，懒政一刀切，从来都不会做的更尽心，思维方式有问题，永远解决不了问题。,null,5-28 23:56,"
",0,0.986901,0.00589469,0.994105
聚一一益,一起关注转发，还有很多标题党、内容无意义的信息流平台也应该整顿一下了，如今日头条、百度信息流、趣头条等等，大量的充斥着一些低质量、低俗的内容，而且平台对于评论区的管理严重缺失，一些美女相关的视频评论区的留言不堪入目，评论内容低级下流@国家网信办举报中心,null,5-28 23:04,"
",0,0.492299,0.228465,0.771535
云娘不瘦10斤不改名,那有没有成年人模式,null,5-28 22:35,"
",1,0.996471,0.500176,0.499824
幽默2046,#视频平台青少年防沉迷系统#应该，对孩子眼睛非常不好，通过技术手段预防，同时加上家长的管理，预防近视。,null,5-28 19:54,"
",0,0.120503,0.395774,0.604226
LaurenceJang,分级就完事,null,5-28 19:39,"
",1,0.80506,0.490253,0.509747
长风即辰,你🐴 这回被我挫骨扬灰了死不了了,null,5-28 17:16,"
",0,0.338968,0.297464,0.702536
鼐良有鹿,分个级救救成年人吧,null,5-28 17:10,"
",1,0.615533,0.519223,0.480777
汤圆宵zoe,防沉迷系统虽然可能有一定效果，但仍存技术漏洞和监管盲区，需要继续完善,null,5-28 16:34,"
",1,0.597992,0.4799,0.5201
评书喵,我讨厌vip专属广告，，，而且看视频还冷不防的出个广告。。。,null,5-28 15:41,"
",0,0.403547,0.268404,0.731596
古月青见20,请再管一下大学生的手机,null,5-28 15:02,"
",0,0.279604,0.324178,0.675822
思想录语,青少年模式，你怎么看？,null,5-28 14:50,"
",0,0.436961,0.253368,0.746632
_wwwindy,家长只要自己的脸面，永远不会承认自己的问题。我觉得就不应该让未成年人接触手机，电脑也只能拿来查资料，不能让步,null,5-28 14:24,"
",0,0.784572,0.0969424,0.903058
空天砺剑,大人其实也沉迷,null,5-28 14:22,"
",2,0.372184,0.717483,0.282517
赵小娟1021,监管是一方面，最主要还是要看家长的引导+1,null,5-28 14:03,"
",2,0.000558562,0.550251,0.449749
蓼的弃儿,今天上A站注意到了。。,null,5-28 13:58,"
",0,0.231153,0.345981,0.654019
疯狂的菜羊,赶紧实名吧，然后孩子在玩就是家长责任了，救救网站,null,5-28 13:52,"
",1,0.398052,0.469903,0.530097
守护全世界最好的RNGAY,这些要是有用也不知道要家长是干嘛的，摆的看呢？？？孩子沉迷怨人家软件的锅？？整天这个教育那个教育的，不知道教育到哪了？？？老是整些表面现象有个屁用,null,5-28 13:51,"
",0,0.880506,0.0537721,0.946228
文创客,支持，网络内容良莠不齐，依靠平台自身的自觉性肯定不行。,null,5-28 13:50,"
",2,0.417253,0.737764,0.262236
一只猪兔兔,我就想要个分级，我不想看儿童的，儿童也别看成年人的，就这么简单。,null,5-28 13:47,"
",2,0.00490957,0.552209,0.447791
郫官小后生,宁愿弄这个都不搞分级考虑过成年人没,共4条回复,5-28 13:43,"
",0,0.740344,0.116845,0.883155
柴米油盐酱醋茶y,支持,null,5-28 13:29,"
",2,0.589711,0.81537,0.18463
氵木目_湘,能不能整合下资源，到底要开多少个vip才能合适,null,5-28 13:11,"
",1,0.999728,0.500014,0.499986
一字马美少女,我也不知道我看什么，但就是一直看你微博停不下来,null,5-28 13:09,"
",1,0.393292,0.530335,0.469665
木子-婷tingting,家长不管好，弄这些有什么用,null,5-28 12:57,"
",1,0.220772,0.538961,0.461039
柒_青浅,我的经验告诉我：自己如果管不住自己啥系统都没用,null,5-28 12:56,"
",0,0.0796427,0.414161,0.585839
吉林政法声音,国家网信办：网络#视频平台青少年防沉迷系统#,null,5-28 12:47,"
",2,0.319607,0.693823,0.306177
姬子姐姐,为什么不给成年人来一个成年人系统？？,null,5-28 12:45,"
",0,0.584197,0.187111,0.812889
松菓籽,救救小破站吧,null,5-28 12:41,"
",0,0.537443,0.20815,0.79185
孤男,这是国家送给广大儿童最好的六一节礼物啊！,null,5-28 12:41,"
",2,0.876548,0.944447,0.0555534
努力努力蘅芜阿-jx,优秀的,null,5-28 12:40,"
",2,0.583691,0.812661,0.187339
未详地黑文,这个“六一”礼物有点大,null,5-28 12:40,"
",0,0.00723402,0.446745,0.553255
顺势而为乘势而动,求求网站多管管孩子吧,null,5-28 12:38,"
",0,0.138941,0.387477,0.612523
Fennga,祝我弟六一快乐,null,5-28 12:37,"
",2,0.229754,0.653389,0.346611
楚漓韵,防沉迷？实名认证拿父母身份证了解一下，身份证生成器了解一下，用父母手机玩了解一下，现在小孩子精明成什么样你想象不到，防得住就有鬼了……,null,5-28 12:37,"
",2,0.0033768,0.55152,0.44848
Uninstalled7,什么叫在六一儿童节来临之际哈哈哈哈哈哈哈哈看得我笑出了声,null,5-28 12:35,"
",2,0.587139,0.814213,0.185787
爱笑的天空麻麻,转发微博,null,5-28 12:31,"
",1,0.713022,0.514349,0.485651
失落叶子小参鹿,a站火辣～@AcFun弹幕视频网,null,5-28 12:26,"
",2,0.0709665,0.581935,0.418065
三行随笔,棒棒哒，此法不错呦,null,5-28 12:24,"
",2,0.815306,0.916888,0.0831123
可乐爱妹子,感觉成人一样需要防沉迷,null,5-28 12:23,"
",0,0.00171304,0.449229,0.550771
尘衣不浣,我小土妞托爸爸福上榜,null,5-28 12:18,"
",0,0.309898,0.310546,0.689454
闯坑蛮大侠,如今游戏沉迷被规定为一种精神障碍。估计凡是能够引起人们沉迷其中，做出不可理喻，不正常的事情， 都应当引起重视。,null,5-28 12:18,"
",0,0.847593,0.0685833,0.931417
Stranit,希望王者荣耀也能上线此功能,null,5-28 12:11,"
",2,0.0604178,0.577188,0.422812
野泽秋刀鱼子酱,救救成年人,null,5-28 12:03,"
",2,0.0953069,0.592888,0.407112
林北北青Lin,建议来个成年人防沉迷吧！一看视频就看很久，管不住自己,null,5-28 12:01,"
",1,0.807551,0.509622,0.490378
毛灿萌凡,还好我成年了,null,5-28 11:59,"
",1,0.523795,0.47619,0.52381
玉路兮的鱼透透今天帅吗,成年人也需要,null,5-28 11:58,"
",2,0.28968,0.680356,0.319644
知名娱乐博主,刚才打个游戏，这么多小学生，既然比我还厉害,共1条回复,5-28 11:58,"
",0,0.588733,0.18507,0.81493
一只姓苏的仙女,哈哈,null,5-28 11:55,"
",2,0.753882,0.889247,0.110753
-小可可可可可-,...让我们死宅怎么活,null,5-28 11:55,"
",0,0.415589,0.262985,0.737015
梁世平-,无语……,null,5-28 11:54,"
",0,0.896185,0.046717,0.953283
网易健康,国家网信办：网络视频平台全面推行青少年防沉迷系统,null,5-28 11:52,"
",2,0.26703,0.670164,0.329836
谭谭谭谭谭谭谭谭谭谭谭谭谭谭啊,拯救我弟弟吧,null,5-28 11:52,"
",1,0.822078,0.508896,0.491104
李嘉辉00,真希望资源整合一下，用不着为了看剧开一堆VIP,null,5-28 11:51,"
",1,0.0308824,0.451544,0.548456
原是我的意难平,家长的教育和引导才是重中之重，帮助的措施有了一部分了，再有什么别的家长不要怪游戏怪网络了,null,5-28 11:49,"
",0,0.694736,0.137369,0.862631
啤酒花的眼睛里有星星,嗯，弄了青少年模式，能不能弄弄分级,null,5-28 11:49,"
",0,0.086554,0.411051,0.588949
快来做我的舔狗,你觉得我在乎么？,null,5-28 11:45,"
",0,0.547202,0.203759,0.796241
唐笙簫默,都该管管这些，短视频的，直播平台，为了钱，没有底线。低俗恶俗历史又在上演,null,5-28 11:42,"
",0,0.55501,0.200246,0.799754
奶盐系_luddy,还好我成年了,null,5-28 11:42,"
",1,0.523795,0.47619,0.52381
宛若清水--may,每个软件玩个半小时加起来也差不多,null,5-28 11:41,"
",2,0.19202,0.636409,0.363591
雅丽呀,哈哈哈哈哈哈,null,5-28 11:40,"
",2,0.627657,0.832446,0.167554
Hx要往前看,我觉得成年人也需要防沉迷系统,null,5-28 11:37,"
",2,0.161916,0.622862,0.377138
杨郁旺_,王者荣耀我们舍友一打打一天恐怖啊,null,5-28 11:34,"
",1,0.885763,0.494288,0.505712
晨枫Victory,支持真棒👍 👍,null,5-28 11:33,"
",2,0.715661,0.872047,0.127953
贼秃磷,管管孩子救救成年人……,null,5-28 11:32,"
",0,0.173712,0.37183,0.62817
质朴简单,,null,5-28 11:31,"
"
DoloresJiu,哈哈哈哈哈哈哈哈！送给孩子们最好的礼物！！！,null,5-28 11:31,"
",2,0.928928,0.968018,0.0319825
心里有光放烟火,拥有身份证才能登录就可以遏制网瘾少年们！,null,5-28 11:30,"
",2,0.63044,0.833698,0.166302
心里有光放烟火,不错！不错[加油],null,5-28 11:30,"
",2,0.935918,0.971163,0.0288369
4月1日的四月一日君寻,看人吧，有的家长还把自己的账号给小孩玩，或者把身份证号码给小孩注册账号，这种沉迷系统真的有用吗？,共1条回复,5-28 11:29,"
",0,0.697998,0.135901,0.864099
晓月清风杨柳岸的呆子,好！,null,5-28 11:29,"
",2,0.560072,0.802032,0.197968
花影媚儿,这防沉迷系统挺棒的，尽快落实起来，虽然说家长监管是一方面，但有了这个系统就更好了。,null,5-28 11:28,"
",2,0.833542,0.925094,0.0749063
是猪猪本猪呀,现在好多孩子沉迷于这些 是该克制克制,null,5-28 11:26,"
",2,0.35173,0.708278,0.291722
我好像困了-,我设置了可以把那些广告小说屏蔽了吗,null,5-28 11:24,"
",0,0.211386,0.354876,0.645124
长腿老头今天读书了吗,主要还是看家长的正确引导,null,5-28 11:22,"
",0,0.000617239,0.449722,0.550278
我是鲨鱼辣椒的弟弟,我一个二十多岁的人都管不住自己,null,5-28 11:22,"
",2,0.0484659,0.57181,0.42819
饕餮魍魉,或者弄一个小学生可以看，但是不能发言，不能发作品的模式,null,5-28 11:22,"
",0,0.278252,0.324786,0.675214
Diana_G,今年重阳节能不能再上线个“老年防沉迷系统”。家中急需！,null,5-28 11:18,"1
",0,0.511238,0.219943,0.780057
李静calm,电视机里有的节目，电脑里都有。电脑里有的娱乐项目，电视机里没有。,null,5-28 11:16,"
",2,0.13084,0.608878,0.391122
沄汐Fine,啊啊啊，我已过了青年，逐渐走向老年，打扰了,null,5-28 11:15,"
",2,0.173403,0.628031,0.371969
我们QS,淘宝来一个限制模式可以嘛,null,5-28 11:15,"
",2,0.298833,0.684475,0.315525
舌尖的小剂量毒药,这个政策已经出了，剩下的真的就是看家庭和个人了,null,5-28 11:10,"
",1,0.130208,0.54349,0.45651
手残不但画画还要玩游戏,我们也要成年人模式谢谢,null,5-28 11:07,"
",2,0.587148,0.814217,0.185783
Youth·祁,嗷呜,null,5-28 11:07,"
",2,0.0497602,0.572392,0.427608
爱你yi生不孤单,不止上面列出的视频平台，还有斗鱼、虎牙这类直播平台，也加入防沉迷监管,null,5-28 11:06,"1
",2,0.426583,0.741962,0.258038
Batwhere_卡嗓子喉宝,父母不管 手机软件帮忙管？,null,5-28 11:06,"
",0,0.0280229,0.43739,0.56261
LeeXuanLe,怎么能少了优酷,null,5-28 11:04,"
",0,0.360387,0.287826,0.712174
今天我欧皇了么,真可怕，还好不是未成年,null,5-28 11:04,"
",0,0.876815,0.0554332,0.944567
hirooo_d,猛哦，敢情孩子的爹妈都不存在呢孤儿没人管要社会力量来担主责,null,5-28 11:04,"
",2,0.0102074,0.554593,0.445407
雅gei妹妹,直接出等级制度好不好，唉,null,5-28 11:03,"
",0,0.391262,0.273932,0.726068
失眠多梦之粉粉,别说青少年沉迷了，成年人都容易沉迷,null,5-28 11:02,"
",2,0.00463102,0.552084,0.447916
甜心糖果2010,挺好！我觉得成年人也要防沉迷,null,5-28 11:01,"
",2,0.775498,0.898974,0.101026
Soul-vic,多少岁到多少岁,null,5-28 11:00,"
",2,0.155114,0.619801,0.380199
刘鑫在行动55,幸好我是成年人了,null,5-28 11:00,"
",0,0.0378909,0.432949,0.567051
·Comet,没用。,null,5-28 10:59,"
",0,0.201581,0.359289,0.640711
ill_crown,以后网上都实名制吧，少些喷子，世界更美好,共1条回复,5-28 10:59,"
",2,0.0222972,0.560034,0.439966
为你的智商余额感到心碎,,null,5-28 10:59,"
"
changchang长相守,……………………,null,5-28 10:59,"
",0,0.366318,0.285157,0.714843
关于吴世勋的1994,？？？？？？？？？？,null,5-28 10:58,"
",0,0.687077,0.140815,0.859185
Qi_X_Rosy,支持！最主要的还是家长的引导！,null,5-28 10:58,"
",2,0.725545,0.876495,0.123505
要努力的小甜心,可以加大监督进行实名认证,null,5-28 10:58,"
",2,0.265079,0.669286,0.330714
被神捧在手心,六六六,null,5-28 10:58,"
",1,1,1,0
V女神,强烈建议开通中青年模式…午夜模式,null,5-28 10:58,"
",0,0.272265,0.327481,0.672519
源哥的钢铁汤圆666,干脆实名制吧,null,5-28 10:58,"
",0,0.134186,0.389616,0.610384
i菜菜花园,支持,null,5-28 10:57,"
",2,0.589711,0.81537,0.18463
令和少女马嘉伶,我当时高中毕业，玩lol要实名认证，但是俺未成年认证不了，就拿我妈身份证认证,null,5-28 10:57,"
",1,0.834759,0.508262,0.491738
知了唯知爱,利好！应该出台了，而且跳出来的抽奖借贷充值等等诱导弹幕，真是让人防不胜防,null,5-28 10:57,"
",2,0.25607,0.665232,0.334768
一碗杂酱面w,不知道能过个快乐的六一不,null,5-28 10:57,"
",0,0.54106,0.206523,0.793477
老锅巴饭团,分级啊,null,5-28 10:57,"
",2,0.0571458,0.575716,0.424284
-乐-宝-,终于！,null,5-28 10:57,"
",2,0.327498,0.697374,0.302626
白jiojio丫,哈哈哈哈哈怪不得，微博也有,null,5-28 10:57,"
",2,0.684636,0.858086,0.141914
sususunnyng,真的非常需要，我三岁多的小侄子天天看动画片,共1条回复,5-28 10:57,"
",2,0.439667,0.74785,0.25215
Diviner毛球,这算是分级的开始吗？,null,5-28 10:57,"
",0,0.488406,0.230218,0.769783
时光_always在,我觉得管一下网站的不好内容更为重要，比如wb的天天推广的sq内容,null,5-28 10:57,"
",0,0.678418,0.144712,0.855288
熙哈有多远ding,希望有用,null,5-28 10:57,"
",2,0.117892,0.603051,0.396949
你笑咩啊,好诶,null,5-28 10:56,"
",2,0.32323,0.695454,0.304546
自-欺欺人,成年了，奥利给,null,5-28 10:56,"
",2,0.0553736,0.574918,0.425082
双溪逸人,太好了太好了，太好了，早该这样了,null,5-28 10:56,"
",2,0.977205,0.989742,0.0102579
温文尔雅邱先生,额,null,5-28 10:56,"
",1,0.52521,0.52374,0.47626
Tomas_不聪明,快手那些社会打扮的小朋友们,null,5-28 10:56,"
",2,0.131142,0.609014,0.390986
古尼玛勒逼黑暗之神,！？？？？这难道不是家长该做的事吗,null,5-28 10:56,"
",0,0.842051,0.0710768,0.928923
星光四翼,,null,5-28 10:56,"
"
Ekin的煎饼果子呢,挺好的哈哈哈哈哈哈哈，真·六一儿童节礼物了,null,5-28 10:56,"
",2,0.981269,0.991571,0.00842886
怪盗影夏月,这个儿童节儿童不开心,null,5-28 10:55,"
",0,0.17271,0.37228,0.62772
0923fairy,支持,null,5-28 10:55,"
",2,0.589711,0.81537,0.18463
凉LRib_,还好成年了,null,5-28 10:55,"
",1,0.882255,0.505887,0.494113
送你一碗大米粥,早该这么做了，有些平台的视频真的很低俗,null,5-28 10:55,"
",2,0.198255,0.639215,0.360785
milsock,最好弄个法律强行规定,null,5-28 10:55,"
",2,0.105415,0.597437,0.402563
ready1998,,null,5-28 10:55,"
"
能不能叫随便,支持,null,5-28 10:55,"
",2,0.589711,0.81537,0.18463
奶油红豆卷w,我的天 防沉迷是几个小时 我02年的不会也在范围吧我已经上大学了啊,共1条回复,5-28 10:55,"
",1,0.855749,0.492787,0.507213
维特尔是F1车手总冠军,对于没有自控能力的未成年来说，并没有毛用,null,5-28 10:55,"
",0,0.216142,0.352736,0.647264
milsock,早该这样弄了,null,5-28 10:55,"
",0,0.375323,0.281105,0.718895
JKFIML,额,null,5-28 10:55,"
",1,0.52521,0.52374,0.47626
高贵女人塔卡莎,,null,5-28 10:55,"
"
沧海月明孤舟,？！！！,null,5-28 10:55,"
",0,0.135862,0.388862,0.611138
九漓还是阿凉,出台这种政策已经可以了，真的管管孩子，救救大人。只要家长不给身份证，就能给成年人一片净土,null,5-29 10:44,"1
",2,0.101594,0.595717,0.404283
飞呀飞呀飞飞飞飞飞飞飞,看到的时候心里一凉，然后发觉自己这把年纪再也不是青少年了,null,5-28 16:22,"1
",0,0.900495,0.0447774,0.955223
屋煜,这个社会不止只有青少年呀！！！,null,5-28 15:24,"1
",0,0.603563,0.178397,0.821603
金属喵子,敢实名制么,null,5-28 13:09,"1
",0,0.142887,0.385701,0.614299
Sabtu,防沉迷没啥意义。。十年前我初中玩QQ飞车的时候就有这个机制了，网上找或者用爸妈的身份证就行了。反而出了这个防沉迷，逼迫着所有用户在各个平台都得用身份证实名？？本来被逼着必须手机注册就很烦了，现在还得输身份证了吗。。我就看个视频而已，还得担心会不会信息泄露，心累,null,5-28 12:36,"2
",0,0.62658,0.168039,0.831961
脱节鱼干,不加强教育管平台什么事？,null,5-28 12:21,"1
",0,0.731582,0.120788,0.879212
52HHS99,快手那些女的多骚啊，而且很多小孩子都在玩,null,5-28 11:22,"1
",2,0.0876411,0.589438,0.410562
穷挫李,南征北战，不服就干。支持快手我四哥，天津李四,null,4小时前,"
",2,0.492003,0.771402,0.228599
秀逗麻袋思密达,有些东西年轻人能看，儿童不能看，儿童想看的年轻人不想看，希望分级制度尽快落成，管理要比现在规范和容易的多,null,昨天 23:19,"
",0,0.335528,0.299012,0.700988
GEMINI陳笑,所以关闭了弹幕？,null,昨天 19:56,"
",0,0.291871,0.318658,0.681342
xiao01211,优酷昨天还好好的，今天就没弹幕了！,null,6-3 22:39,"
",2,0.247961,0.661582,0.338418
WhiteTreeDwarF,建议网站同一采用实名认证加人脸识别认证模式 青少年一律不准看脖子以下的部位描写 成年人不限,null,6-3 08:24,"
",2,0.146432,0.615894,0.384106
Dylan6606,@卓子旁边的焉,null,6-2 18:01,"
",1,0.761719,0.488086,0.511914
龙猫小飞侠,快救救孩子吧~,null,6-2 11:55,"
",2,0.510531,0.779739,0.220261
sunny别闹该吃药了,嗯？为什么不让自己家长管住孩子呢？啥都软件的事儿只要孩子想看，他怎么都能看到,null,5-30 10:57,"
",0,0.213355,0.35399,0.64601
无伤大雅的猥琐是优雅,希望可以整顿一下快手吧。乌烟瘴气的,null,5-30 01:25,"
",0,0.260545,0.332755,0.667245
鞠家公举,管管孩子吧！,null,5-29 23:42,"
",0,0.253187,0.336066,0.663934
SwnHryk,18岁以下是未成年人，青少年是多少到多少岁啊,null,5-29 22:28,"1
",2,0.016649,0.557492,0.442508
你轩哥带你飞,快手不让解绑身份证，不让封禁的注销账号,null,5-29 22:07,"
",0,0.264234,0.331095,0.668905
你轩哥带你飞,最该整顿的就是快手，关了吧，满满的负能量，全是博人眼球的低俗东西！,null,5-29 22:06,"
",0,0.43198,0.255609,0.744391
忧郁的小英子,意思是啥意思没懂,null,5-29 17:07,"
",0,0.673625,0.146868,0.853131
红旗飘扬5,我真是不想说什么，腾讯这么大大公司，一点点小事情都处理不了，无法处理，从这点小事就可以看出来，腾讯没有尽到自己的责任和义务，一家不负责任的公司，注定走不远！！！！！,null,5-29 16:24,"
",0,0.997055,0.00132519,0.998675
Engo伊格,能不能什么都怪软件，多从自身找原因行吗?这些自制力都没有还能干嘛啊，别人都好好的为什么你不行你特殊还是咋地?家长自己管不了孩子那是你自己的问题，你自己的孩子自己都管不好你指望着谁帮你管然后自己坐那里望子成龙望女成凤，那是你家孩子，不是别人家的,null,5-29 15:55,"
",0,0.985889,0.00634978,0.99365
andmother,有一个快手刘一手的 黑社会,null,5-29 15:16,"
",1,0.795779,0.510211,0.489789
Mars艾雅雅,呵呵 一天40分钟真牛逼 充的VIP也不能退 你们真,null,5-29 13:25,"
",0,0.783099,0.0976053,0.902395
hwhef,出台这个没用！因为会出这些问题，就是家长不管！你出台什么，家长不照做有什么用啊？应该出台配套惩罚措施，把有孩子的人的互联网和现实的信息连接在一起，再狠宰一批不听话的出头鸟，形成威慑，后面才好执行下去。生孩子的这帮人，你不让他们痛几回，他们还是就只会下崽，不用管的！,null,5-29 11:58,"
",0,0.967486,0.0146313,0.985369
又天真了,能不能把快手封了！这个平台现在已经社会观念混乱了！觉得，为了出名都想疯了！！啥人都有！一群卖肉为荣的沙雕！为了人气一点底线没有,null,5-29 10:16,"
",0,0.899126,0.0453933,0.954607
夜空中的那幕烟火,现在短视频成什么了，上学的孩子不好好上学，打工的没心思工作，当老板的不务正业，都想着当网红，不劳而获，再这样下去怎么实现中国伟大复兴,null,5-29 10:09,"
",0,0.543422,0.20546,0.79454
大桶黄金鸡,完了，b站的蝗虫要到处啃庄稼了,null,5-29 09:52,"
",0,0.176822,0.37043,0.62957
财团的资深中毒玩家72322,六一没有什么可以给孩子的，不然就一套三年模拟吧,null,5-29 09:20,"
",2,0.00817749,0.55368,0.44632
干嘛抽烟,网信办有本事把整个社会都屏蔽了吧,null,5-29 09:19,"
",0,0.226278,0.348175,0.651825
华小郑,全部封掉好了，因为这个东西有利有弊，争议太大,null,5-29 08:23,"
",2,0.0215142,0.559681,0.440319
trevor的柠檬茶,有意思吗这样子？？？自己不弄分级弄得大家都不爽，家长自己管不好管软件屁事,null,5-29 06:54,"
",0,0.92528,0.0336238,0.966376
ThelenChiu,作用有限！分级更佳,null,5-29 06:43,"
",2,0.0438629,0.569738,0.430262
杰夫杀手啊,？？？bilibili绘画视频一个就1小时啊？？我看消息只能看40分钟我学什么？,null,5-29 06:31,"
",0,0.79885,0.0905176,0.909482
7蘑菇力,麻烦多管理主播吧 什么未成年生子的 还是有粉丝量大的主播各种煽动自己的粉丝去带节奏闹事的 麻烦一起封杀 不仅影响社会风气 还影响其他主播去正常直播和工作生活,null,5-29 03:17,"1
",0,0.466633,0.240015,0.759985
百次博,国家送的儿童节礼物？？我就想问问，为什么vip还有广告的事。,null,5-29 01:31,"
",2,0.0984879,0.59432,0.40568
Mystery37583,分级制度搞不出来吃枣药丸,null,6-3 17:51,"
",0,0.43749,0.253129,0.746871
桃花凋落寂寞68058,难道孩子不知道怎么绕开防沉迷系统吗？,null,5-29 21:40,"1
",0,0.866886,0.0599012,0.940099
kn小分队,唉，教育搞不好，这些都是起不了作用的，要从根源解决问题，根的问题解决了，还怕吸收不到营养吗？如果有那就是土地的问题了,null,5-29 17:55,"
",0,0.902084,0.0440623,0.955938
kn小分队,首先不建议这样做，孩子们有娱乐的权力，这是国际声明过的，而且限制观看类容，我觉得不现实，我就喜欢看动漫，我学动漫，以后在动漫这一领域工作,null,5-29 17:51,"
",2,0.131649,0.609242,0.390758
快乐的小鸟k,少年乃国家未来，绝不可让小视频毒害祖国的花朵！,null,5-29 10:48,"
",1,0.853414,0.507329,0.492671
外焦里焦,六一儿童节没什么好送的，送各位小朋友一套防沉迷吧,null,5-29 10:42,"
",0,0.120153,0.395931,0.604069
夜空中的那幕烟火,@夜空中的那幕烟火: 现在短视频成什么了，上学的孩子不好好上学，打工的没心思工作，当老板的不务正业，都想着当网红，不劳而获，再这样下去怎么实现中国伟大复兴@央视新闻,null,5-29 10:09,"
",0,0.136259,0.388683,0.611317
Sakuto_Shirasawa,哈哈哈哈笑死我了我去年刚成年,null,5-29 08:30,"
",2,0.357709,0.710969,0.289031
是时候坚强起来了,知道为什么现在教育一片乱像吗？因为主要身在其中的人（教育工作者和家长）中有很多人“坏掉了”，他们单纯的想法坚定而错误，居然认为严管是正道，大禹治水都不懂，还不如几千年前的先民,null,5-29 01:14,"
",0,0.971607,0.012777,0.987223
hlmclndxhdswdl,ac居然能被点名,null,5-29 01:07,"
",0,0.166494,0.375078,0.624922
家豪ZhAng,我作为一个成年人，我都控制不住一整天玩手机,null,5-28 23:33,"
",2,0.413691,0.736161,0.263839
炸裂的平底锅,求求你搞个分级吧，一刀切真的难受，16岁的人看个视频都要被限制，真的挺难受的,null,5-28 23:29,"
",0,0.804157,0.0881292,0.911871
Tarnival,……,null,5-28 23:16,"
",0,0.11372,0.398826,0.601174
AKA押韵轰炸机,成年人模式是不是也可以搞起来呢,null,5-28 23:12,"
",2,0.388252,0.724714,0.275286
深夜诗人ORZ,自主选择能管用吗，不如来个实名吧,null,5-28 22:27,"
",0,0.473968,0.236714,0.763286
五星聚,,null,5-28 21:36,"
"
热爱学习的老花,怎么还没分级啊！！都15年了！！！,null,5-28 21:25,"
",0,0.597069,0.181319,0.818681
咖啡店里的小可爱,这个好，,null,5-28 20:52,"
",2,0.370918,0.716913,0.283087
藤纯酱,没有什么卵用，治标不治本,null,5-28 20:48,"
",0,0.349372,0.292782,0.707218
故宫的小精灵,支持视频平台防沉迷系统上线运行,null,5-28 20:43,"
",2,0.665354,0.849409,0.150591
小黑最黑,VIP专属广告了解一下,null,5-28 20:36,"
",2,0.0519791,0.573391,0.426609
石头泥_,防沉迷是一方面，净化视频内容才是重点，网络鸦片真在毒害很多人,null,5-28 20:21,"
",2,0.018979,0.558541,0.441459
爱亦爱之敬亦敬之,我就问为啥最近爱奇艺，优酷，芒果app看视频都卡？音像和文字都对不上？,null,5-28 20:21,"
",0,0.538983,0.207458,0.792542
m米倩q,我一个都没有,null,5-28 20:02,"
",1,0.133057,0.456653,0.543347
励志de余葚,管管孩子救救app,null,5-28 19:52,"
",1,0.0155038,0.450775,0.549225
潮涨起的世代长年,请问我都快三十了，生活不能自理么,null,5-28 19:33,"
",1,0.433472,0.471674,0.528326
唯春之祺QI,现在的小孩可聪明了，不会吃这一套的,null,5-28 19:32,"
",0,0.0760074,0.415797,0.584203
唯春之祺QI,还好我已经不过儿童节了,null,5-28 19:28,"
",1,0.923048,0.503848,0.496152
andy最愛查理,只希望这样的政策不要一刀切，只考虑青少年需要教育保护引导限制而完全不顾成年人的感受。就行了。毕竟成年人也需要自己的娱乐自己的选择和自由，如果什么东西的尺度标准都和青少年一样了，那简直就是把成年人当幼稚小孩一样管了,null,5-28 19:20,"
",0,0.672323,0.147454,0.852545
andy最愛查理,只希望这样的政策不要一刀切，只考虑青少年需要教育保护引导限制而完全不顾成年人的感受。就行了。,null,5-28 19:16,"
",0,0.715288,0.128121,0.871879
墨海豚,这件事肯定是支持的，防沉迷是网络实名制的第一步，若是防沉迷做好了，离分级的到来就往前迈进一大步,null,5-28 19:09,"
",2,0.445185,0.750333,0.249667
特立独行的猴er,太好了,null,5-28 19:07,"
",2,0.628396,0.832778,0.167222
小女子十七,能不能限制在线时间呢,null,5-28 18:59,"
",1,0.867719,0.506614,0.493386
灵月瑶香,嚯！这次A站也进来了？,null,5-28 18:53,"
",0,0.348137,0.293338,0.706662
努力1234567加油,这个系统好,null,5-28 18:51,"
",2,0.402704,0.731217,0.268783
treasureboysatoshi,我求求你们不干人事就快死吧🙏,null,5-28 18:23,"1
",0,0.37271,0.282281,0.717719
黔西南发布,国家网信办：网络视频平台全面推行青少年防沉迷系统[加油] //@Before-X: 儿童节礼物,null,5-28 17:55,"
",2,0.516456,0.782405,0.217595
焱浪_四月,家长不教育，让国家管，真可以。,null,5-28 17:53,"
",0,0.488685,0.230092,0.769908
鹿露噜鹭潞,哈哈哈提前送给小朋友们的儿童节礼物,null,5-28 17:53,"
",2,0.673156,0.85292,0.14708
可以和我交朋友嘛,@无情独角兽,null,5-28 17:37,"
",1,0.914361,0.495718,0.504282
温暖琐事,还好我今年就成年了…我还一直记得我之前玩王者荣耀 玩了两小时就不能玩的感受 玩了我几天就实在玩不下去了 这种防沉迷系统能直接让我戒游戏,null,5-28 17:37,"
",2,0.482049,0.766922,0.233078
守望北极星的小尘埃A,？？？？活着的不只是未成年凭什么事事迁就他们？成年人就该死吗？？,null,5-28 17:35,"
",0,0.793593,0.0928832,0.907117
苏州吉恩箱包品牌官方微博,监管是一方面，最主要还是要看家长的引导+10086,null,5-28 17:35,"
",2,0.0420027,0.568901,0.431099
桃栀卌,车祸现场~,null,5-28 17:33,"
",2,0.367775,0.715499,0.284501
陵绾,所以作为尊贵的大会员我可以看适合成年人看的东西了么,null,5-28 17:30,"
",2,0.098335,0.594251,0.405749
回忆之前茫茫如梦醒,未成年人应该禁止上网，送到杨永信那电一电,null,5-28 17:27,"2
",1,0.948789,0.497439,0.502561
今天的iqoo更新了吗,还有不到两个月成年，你们随便整吧，反正和我没关系了,null,5-28 17:26,"
",0,0.557542,0.199106,0.800894
漆北SAMA_,@一只知更鸟的死亡 求你康康这个，实名恳求分级，管管孩子，救救游戏,null,5-28 17:16,"
",0,0.041284,0.431422,0.568578
夏叉叉大战拖延症,搞防沉迷 也懒得搞分级,null,5-28 17:12,"
",0,0.455461,0.245042,0.754958
blackpearl-,.......,null,5-28 17:09,"
",0,0.0137417,0.443816,0.556184
马猴烧酒wwz,呵呵哦,null,5-28 17:09,"
",2,0.713157,0.870921,0.129079
DDMC当代明诚,国家网信办统筹指导14家网络视频平台上线《青少年防沉迷系统》,null,5-28 17:03,"
",2,0.163299,0.623484,0.376516
又菜又贪小瓜皮,搞这么有什么用啊，架不住家长愿意给小孩玩啊，我家里就是为了不让小孩吵闹就给他们玩手机，压根也不管小孩看了什么的，所以这系统只是为了限制成年人而不是青少年,null,5-28 16:53,"
",0,0.597394,0.181173,0.818827
祈蝶丶梦境,与其在软件上下功夫，不如在未成年人的教育上下功夫。软件本无错，错在未成年人不能很好的克制自己。,null,5-28 16:51,"
",0,0.609031,0.175936,0.824064
Karotte_凛,还好老子成年早，(不是给自己老了找借口哦,null,5-28 16:45,"
",0,0.472638,0.237313,0.762687
人不大带表,怎么判定是未成年,null,5-28 16:35,"
",0,0.180498,0.368776,0.631224
三米五的路怎么调头,治标不治本，你不觉得青少年沉迷互联网是因为课余活动太少且零碎，文化生活匮乏嘛？体育和艺术类活动才是能减少沉迷的有效方法,null,5-28 16:31,"
",2,0.355068,0.70978,0.29022
鬼才兄,那我沉迷CCTV怎么办？,null,5-28 16:16,"
",0,0.320574,0.305742,0.694258
冷殇04972,干得漂亮～～～(ღ♡‿♡ღ),null,5-28 16:15,"
",2,0.616322,0.827345,0.172655
不秃头的医学僧orz,唉其他的别说我觉得在b站上很多网课还是挺方便的没了b站我真的要挂科了,null,5-28 16:07,"
",0,0.594651,0.182407,0.817593
戈丁0240,如何保证身份证号码不泄露,null,5-28 16:06,"
",0,0.453064,0.246121,0.753879
欣雨青禾,对孩子负责，就是对国家负责,null,5-28 16:04,"
",2,0.416037,0.737217,0.262783
林下谛听,你们管你们的，我们成年人的世界做错了什么?闲暇的消遣都没有了,null,5-28 15:38,"
",0,0.332177,0.30052,0.69948
不要再拖拖拉拉了,不容易，A站终于有了次姓名,null,5-28 15:16,"
",1,0.213386,0.539331,0.460669
期无遥遥无期,干得漂亮,null,5-28 15:14,"
",2,0.551899,0.798355,0.201645
喵喵叉会儿腰,六一儿童节礼物？,null,5-28 15:12,"
",2,0.0209806,0.559441,0.440559
my歌声abc,长时间浏览提醒模式 长时间浏览刷脸认证模式 实名注册,null,5-28 15:12,"
",0,0.371819,0.282681,0.717319
夏天夏天888,没用,null,5-28 15:02,"
",0,0.165987,0.375306,0.624694
Vacuity-空寂,其实可以反向思考，搞一个成年人模式，登录验证，可以看未经修改删减的正版视频，未成年人无法验证就不能看，这样多好啊！,null,5-28 15:01,"
",0,0.662152,0.152032,0.847968
清风琴鸣,可以设置一个使用时间限制 我觉得我这个考研党也需要,null,5-28 14:59,"
",2,0.414039,0.736317,0.263683
未完成的歌在江湖619,不只是儿童，成年人也容易沉迷,null,5-28 14:58,"
",2,0.253057,0.663876,0.336124
SAI-GIftia,直接要全部手机解锁要人脸识别，没满十八别玩了。搞得这么麻烦,null,5-28 14:56,"
",0,0.518545,0.216655,0.783345
三千forever,搞软件的也是真累,null,5-28 14:55,"
",0,0.183496,0.367427,0.632573
命鍾鉒顁纟,希望除了视频网站，搜索引擎也能治理一下，之前看报道：搜某小学，首页竟有色情网站链接…无语了,null,5-28 14:52,"
",0,0.880765,0.0536558,0.946344
极中极,支持,null,5-28 14:42,"
",2,0.589711,0.81537,0.18463
菇秋在一角_,虽然我成年了，但是我发现我也挺沉迷的不太好啊,null,5-28 14:31,"
",2,0.0297442,0.563385,0.436615
不晴不雨-,成年人表示:只有爱奇艺和腾讯，过完年只刷过一次剧，考试狗也是惨,null,5-28 14:30,"
",0,0.342511,0.29587,0.70413
雪满_长安,想玩怎么都要玩的 对小孩子可能还有点用,null,5-28 14:29,"
",1,0.0667423,0.453337,0.546663
冲动小火车卐,,null,5-28 14:28,"
"
梦娜3000,游戏开发商表示很崩溃！,null,5-28 14:27,"
",1,0.922161,0.496108,0.503892
通化网警巡查执法,#净网2019# 【国家网信办：网络视频平台全面推行青少年防沉迷系统】,null,5-28 14:26,"
",2,0.555129,0.799808,0.200192
等待广场舞,能将王者荣耀禁了吗,null,5-28 14:23,"
",1,0.364656,0.468233,0.531767
薄寒如斯经年,有毛病。,null,5-28 14:20,"
",2,0.147716,0.616472,0.383528
_新鲜续命_,不是。。你不能一竿子打死我们这些成年人吧？？难道我还要看喜羊羊吗？？,null,5-28 14:18,"
",0,0.983734,0.00731966,0.99268
周小明seven,家长监管很重要,null,5-28 14:17,"
",1,0.231234,0.461562,0.538438
陕西财经大学,转发微博,null,5-28 14:14,"
",1,0.713022,0.514349,0.485651
人生没有如果早知道,大人要以身作则啊，自己都管不住自己怎么管的住孩子看不看,null,5-28 14:08,"
",2,0.117998,0.603099,0.396901
老哥在线锤人,只要你家小孩想 不管怎么样都没用...家长管不好就找理由 别人没义务帮你管 说白了 这游戏我开发再这儿玩不玩是你的事 你不玩我又不会摁着你玩 你想玩我有权利管你吗 同样 真正有义务的是父母吧 别搞这些了 还没成年的真巨烦 管管小孩行为别搞得其他人都被一棍子打死,null,5-28 14:05,"1
",0,0.967443,0.0146506,0.985349
草帽乱飞的岛,校园霸凌网站没有未成年人不是也会,null,5-28 14:05,"
",0,0.36961,0.283675,0.716325
小暮家的文娟大婶,难怪昨天打开b站有个防沉迷提示,null,5-28 14:03,"
",0,0.129703,0.391634,0.608366
繁夏sun,支持,null,5-28 13:57,"
",2,0.589711,0.81537,0.18463
我真的好想吃麻辣香锅,能不能解决一下充了VIP还有广告的事,null,5-28 13:53,"
",0,0.00144694,0.449349,0.550651
天煞孤星普莱斯,谁能给我讲点苏联冷笑话,null,5-28 13:49,"
",0,0.235491,0.344029,0.655971
一百万个不可能的梦,分级才是正道,null,5-28 13:49,"
",2,0.0645571,0.579051,0.420949
js小健,我想说这是退步不是进步！有用吗？分级制和家长指引来的更好吧！不要什么都怪网络教坏小孩子,null,5-28 13:48,"
",0,0.901913,0.044139,0.955861
随便选些啥,有个屁用,null,5-28 13:45,"
",1,0.375667,0.468783,0.531217
puchi戏精,求不要搞我的小破站,null,5-28 13:42,"
",0,0.76868,0.104094,0.895906
杯子不是被子,球球你们留给成年人享受的空间吧,null,5-28 13:41,"
",2,0.299723,0.684875,0.315125
吴先成,哔哩哔哩为什么不叫B站？,null,5-28 13:39,"
",0,0.366728,0.284972,0.715028
encoura-,全面保护未成年。全面压抑成年人。,null,5-28 13:39,"
",2,0.515051,0.781773,0.218227
LazyDog蝎子,所以什么时候能分级？全是只要求平台干这个干那个，领导们呢？,null,5-28 13:36,"
",0,0.565796,0.195392,0.804608
院门没关_基林KEEL,不分级 才会在这费功夫,null,5-28 13:34,"
",0,0.555788,0.199896,0.800104
书宏万,支持,null,5-28 13:34,"
",2,0.589711,0.81537,0.18463
KarryDream,嗯，走走形式?我怎么感觉没什么用,null,5-28 13:30,"
",0,0.350667,0.2922,0.7078
dingaru,最好的兒童節禮物。,null,5-28 13:25,"
",2,0.687464,0.859359,0.140641
尹尹小君君,老是管APP有啥用？小时候家里没手机，小孩不照样看电视看一天，主要是家长管才有用吧，强烈建议结婚生子强制考试，不及格不给结婚生子,共1条回复,5-28 13:24,"
",0,0.869484,0.0587322,0.941268
_脖子直抖_,希望青少年模式能有适配青少年的广告安排,null,5-28 13:22,"1
",0,0.163382,0.376478,0.623522
訦小猫是句号菌,我觉得可以给我妈妈安装一个防沉迷系统,null,5-28 13:14,"
",2,0.430371,0.743667,0.256333
情绪归处是你luckyN,是人们现在三观太不正了，把坏的当成好的去模仿,null,5-28 13:12,"
",0,0.555388,0.200075,0.799925
Cl丶丨丶,有蛋用？,null,5-28 13:11,"
",0,0.0776927,0.415038,0.584962
范已OK,就未成年人禁止上网呗,null,5-28 13:10,"
",2,0.136022,0.61121,0.38879
PARANOIC-Y,给我成年人模式 谢谢,null,5-28 13:09,"
",2,0.509716,0.779372,0.220628
卑鄙69789,还好我长大了,null,5-28 13:09,"
",2,0.0323868,0.564574,0.435426
今年一定要去重庆,教育问题是根本呀 别说小孩了 我作为成年人也很容易沉迷 要不是生活所迫 谁不喜欢每天躺在床上玩手机,null,5-28 13:08,"
",0,0.513553,0.218901,0.781099
狂书声,提议所有APp登录全用面部识别！,null,5-28 13:08,"
",1,0.141538,0.542923,0.457077
champion很坚定,六一大礼包,null,5-28 13:07,"
",2,0.0605867,0.577264,0.422736
AnAcorn,诶，，，又要禁一波吗，，，,null,5-28 13:07,"
",2,0.0223113,0.56004,0.43996
从前有个王好人,沉迷的大多还是成年人,null,5-28 13:05,"
",1,0.663234,0.516838,0.483162
逢-时,哦吼,null,5-28 13:05,"
",2,0.368091,0.715641,0.284359
AD钙气泡牛奶,@沉迷爱豆的花花酱嘿嘿嘿 可惜你长大了哈哈哈哈,null,5-28 13:04,"
",2,0.850603,0.932771,0.0672287
穿城北路41号壹先生,希望能早日细化分级制度,null,5-28 13:04,"
",0,0.231263,0.345932,0.654068
天煞孤星普莱斯,这有jb个用。你是否满18岁？ 是 ❌ 否✔ 全中国人均青少年 ，不配拥有成年人。 反正是官老爷冲业绩,null,5-28 13:04,"
",0,0.558515,0.198668,0.801332
知春路1993,有成成年人模式吗？快，急需,null,5-28 13:02,"
",1,0.766998,0.51165,0.48835
车天秀,还有第五人格,null,5-28 13:01,"
",2,0.0317615,0.564293,0.435707
沉着冷静不生气der黎,没毛病,null,5-28 13:01,"
",0,0.173712,0.371829,0.628171
Justzsomso,上有政策下有对策这样的话不是用在这种时候吗 政策有了不靠好的办法实施等于一纸空文,null,5-28 13:00,"
",0,0.73802,0.117891,0.882109
LJS_花辞,哈哈哈哈哈哈哈哈还好我及时成年了,null,5-28 13:00,"
",2,0.881369,0.946616,0.0533839
就这样安靖着,这个系统听着咋怎么空洞呢,null,5-28 13:00,"
",0,0.278746,0.324564,0.675436
粟不相织,早该这样,null,5-28 12:58,"
",0,0.188201,0.365309,0.634691
________夕颜i,分配自身注意力和精力的主动权，已经慢慢的脱离我们自己手中，转移到了强制执行的电脑程序中,null,5-28 12:57,"
",2,0.104665,0.597099,0.402901
棠颂echo,@令羽 我今天打开优酷看到那个弹窗一脸懵逼,null,5-28 12:57,"
",0,0.10522,0.402651,0.597349
朝虞_种花家的魇兽,看起来有几率减小遇见小学生骂街的几率,null,5-28 12:56,"
",0,0.00177529,0.449201,0.550799
3ouumy2re5,?????我刚刚充的腾讯视频会员，你现在告诉我不能长时间用?????,null,5-28 12:53,"
",0,0.899036,0.0454336,0.954566
失去记忆的恶魔,又是这个没卵用的防沉迷系统。十年前网络游戏就有了，上网百度一个身份证就能解决的事情。,null,5-28 12:52,"
",2,0.0754991,0.583975,0.416025
夏东海先生的刘梅女士,加个微博，成年人的模式。😂 刷微博根本停不下来。,null,5-28 12:52,"
",0,0.00917713,0.44587,0.55413
千层千,@周小司機師傅 我是VIP,null,5-28 12:52,"
",2,0.0671747,0.580229,0.419771
鲜橘梅子汽水,转发微博,null,5-28 12:52,"
",1,0.713022,0.514349,0.485651
十六夜砕月,挺好的，b站现在的弹幕根本不能看了。,null,5-28 12:52,"
",2,0.324356,0.69596,0.30404
捶你大胸,我的小破站 哈哈哈好惨,null,5-28 12:51,"
",0,0.126503,0.393074,0.606926
要_发呆,讲真，弄这些真的没用，不如分级，分级了成年人舒服，也可以防止未成年人沉迷或者接触血腥暴力,null,5-28 12:51,"
",0,0.500664,0.224701,0.775299
会放屁的柠檬精,有病,null,5-28 12:51,"1
",1,0.511345,0.475567,0.524433
K9_Natural首席执行官,真的早应该出防沉迷！减少青少年沉迷手机！,null,5-28 12:50,"
",0,0.108507,0.401172,0.598828
岑漂亮呀,我还是青少年呢？,null,5-28 12:49,"
",0,0.386781,0.275948,0.724052
黑夜的月亮姑娘,这个儿童节礼物，我拒绝,null,5-28 12:48,"
",2,0.214837,0.646677,0.353323
ObludaKteraNemaSveJmeno,系统怎么限制？按客户端还是网站自己？那就一个app刷一个小时再换另一个,null,5-28 12:48,"
",0,0.770428,0.103307,0.896693
奔跑的派大星V,他用家长身份证什么都搞定了！什么沉迷都无用关键在自己。恐怕是加个过滤系统吧！不想播的不给播,null,5-28 12:48,"
",0,0.355285,0.290122,0.709878
筱英琪,拿父母的手机刷怎么说？,null,5-28 12:48,"1
",0,0.359289,0.28832,0.71168
LYUwwww,@SWWWWjY @娜小鬼2741,null,5-28 12:47,"
",1,0.603013,0.519849,0.480151
四目山上的神明,准备成年了还是不慌的,null,5-28 12:46,"
",0,0.373898,0.281746,0.718254
一只旧铅,在？微博也安排一下？现在的小学生刷微博的也不少 整个防沉迷？,null,5-28 12:46,"1
",0,0.310215,0.310403,0.689597
吃鱼加智力,全关了，玩泥巴去,null,5-28 12:46,"
",2,0.259358,0.666711,0.333289
走年不走心,孩子被带偏了,null,5-28 12:46,"
",0,0.193969,0.362714,0.637286
深井冰的不定期吐槽,来自国家的无情铁手，打破肝帝大佬的追剧梦,null,5-28 12:45,"
",2,0.377423,0.719841,0.28016
是大鱼嘞,刚好今年成年,null,5-28 12:44,"
",2,0.324179,0.695881,0.304119
煎茶真是令猫秃头,这样不好，你们应该把网络给关掉，以后干啥都写信，以后国家发布消息就在村头贴告示,null,5-28 12:44,"1
",0,0.960127,0.0179427,0.982057
三个栗子J,越来越难生存了,null,5-28 12:44,"
",0,0.300758,0.314659,0.685341
夜幕下的游荡者016,六一礼物🎁,null,5-28 12:43,"
",2,0.363742,0.713684,0.286316
穿过银河拥抱你,能整改一哈浏览器吗 什么乱七八糟的东西都有,null,5-28 12:43,"2
",0,0.384624,0.276919,0.723081
岁月时光51375,跟游戏防沉迷系统一样更本就是名存实亡的东西，下孩子依然拿着父母的手机玩，或者通过非法途径接触，所以搞了还不如不搞，反而促使了一些黑色利益链产生，甚至直接威胁青少年的身心健康和安全，这种方式更本不能从本质上解决问题！！！！！！,null,5-28 12:43,"2
",0,0.946747,0.0239638,0.976036
最萌萨摩耶,B站我一看就停不下来啊，我已经不是小孩子了！,null,5-28 12:42,"
",0,0.762038,0.107083,0.892917
各适其适201508,看家长！国家做到这样已经够了！,null,5-28 12:41,"
",1,0.72991,0.486495,0.513505
华菜菜yu,鼓掌👏 👏👏👏非常赞同，我现在听到我妹妹打开小视频d软件都是网上那些没营养烂口水都视频音乐就很难过，我不希望她从小就接触那些东西，影响小孩子世界观价值观的形成。音乐不该是那样的，流行不应当是那样的。,null,5-28 12:41,"
",0,0.688081,0.140363,0.859636
你的桐公子,@何为孤芳自赏-- b站,null,5-28 12:41,"
",1,0.585151,0.479258,0.520742
稚內鹿悠Milky,还好我六天前成年了,null,5-28 12:40,"
",0,0.0635868,0.421386,0.578614
方青瑶,能不能不要一棒打死所有未成年啊orz,null,5-28 12:40,"
",0,0.0577552,0.42401,0.57599
飞羽轩团队,开心，身份证实名制防沉迷需要严厉打击,null,5-28 12:40,"
",2,0.38147,0.721662,0.278339
青衣青丝亦卿城,幸好我马上成年,null,5-28 12:39,"
",1,0.465732,0.473287,0.526713
爱吃小笼包的C_ic_i,为什么成年人的正常生活要为所谓的青少年健康成长埋单,null,5-28 12:39,"
",0,0.420487,0.260781,0.739219
你有我阿·,真好，孩子就得管管,null,5-28 12:39,"
",2,0.570198,0.806589,0.193411
MIG29K94592,啊，b站也上了,null,5-28 12:39,"
",2,0.0588784,0.576495,0.423505
詠鈈退縮,番茄🍅APP直播，你懂得,null,5-28 12:38,"
",1,0.863069,0.506847,0.493153
不吴不敖527,成年人辽哈哈哈,null,5-28 12:37,"
",2,0.461577,0.75771,0.24229
木山春生酱,成年人排除在外,null,5-28 12:36,"
",2,0.121905,0.604857,0.395143
你的微博叫什么啊,有病,null,5-28 12:36,"
",1,0.511345,0.475567,0.524433
暗恋灰123,直接禁止小孩上网不就完了吗，干嘛折腾，让他们乖乖写作业去，都是作业太少惹得,null,5-28 12:35,"
",0,0.859188,0.0633655,0.936634
易家背后的小姑娘,希望成年人用手机也能少点 自制力不行啊 手机自动上锁的话 我可能会弄两个手机,null,5-28 12:35,"
",0,0.274538,0.326458,0.673542
古月语亭,@漠水_,null,5-28 12:35,"
",0,0.0718833,0.417652,0.582348
记忆时空jysk,而且社会情况确实比较复杂,null,5-28 12:35,"
",1,0.897496,0.494875,0.505125
记忆时空jysk,我觉得分级现在还不现实，人口基数太大了，不好管,null,5-28 12:34,"
",0,0.852627,0.0663177,0.933682
平躺很能睡,青少年都有防沉迷了 那青少年可以过儿童节吧,null,5-28 12:34,"
",2,0.149133,0.61711,0.38289
问路之心,爱和成长 守护 和安全,null,5-28 12:34,"
",2,0.749367,0.887215,0.112785
风筝线o,小孩都是玩爸爸妈妈的手机，这怎么管？,null,5-28 12:33,"
",0,0.273411,0.326965,0.673035
最爱杏鲍菇炒肉,@SnowinAstana,共1条回复,5-28 12:33,"
",1,0.398663,0.530067,0.469933
世无伤心人只有考研狗,cxk粉丝瞬间自闭,null,5-28 12:33,"
",1,0.303693,0.534815,0.465185
是敌是友别是心机婊,加油,null,5-28 12:32,"
",2,0.0585202,0.576334,0.423666
不知道去什么名儿的苏苏,那怎么区分成年人与未成年人呢？有些还不止一个号，还有用家长的号的,null,5-28 12:32,"
",2,0.0496002,0.57232,0.42768
Zz廷的小糖糖,这些不整改好 我都不敢生孩子了,null,5-28 12:31,"
",0,0.591885,0.183652,0.816348
小栗旬de老婆,有毒？？？我现在玩个b站都要被管？？？,null,5-28 12:31,"
",0,0.753717,0.110827,0.889173
深红的莉切_Beatrice,请问20岁的我是不是青少年?,null,5-28 12:31,"
",0,0.52704,0.212832,0.787168
阿贝尔math,成年人也需要限制沉迷吧。多少男女沉迷se qing黄 se视频的 。,null,5-28 12:31,"
",2,0.351151,0.708018,0.291982
Vi秋秋,六一儿童节到来之前,null,5-28 12:31,"
",2,0.105444,0.59745,0.40255
Zz廷的小糖糖,强烈建议微博限制未成年人登录时间！,null,5-28 12:30,"
",0,0.135278,0.389125,0.610875
子纸巾巾京-JING,成年人可以看些成年人看的东西吗我是说20多岁，还没看过你懂吧。,null,5-28 12:30,"
",2,0.134919,0.610714,0.389286
京紫天下第一,那我们成年人可以看脖子以下的部分了🐴,null,5-28 12:30,"
",2,0.282366,0.677065,0.322935
壁咚的狗狗叫咚咚,@_云雀儿,null,5-28 12:29,"
",1,0.0497401,0.547513,0.452487
阿不拉不拉不,难管，而且还影响使用体验,null,5-28 12:29,"
",0,0.598298,0.180766,0.819234
邓布利多巫婆,我是成年人，啊,null,5-28 12:29,"
",2,0.174701,0.628615,0.371385
张云曦吖,没有多大效果,null,5-28 12:28,"
",0,0.0189438,0.441475,0.558525
萝卜糕Q,我希望成年人也出个防沉迷🤦♂️,null,5-28 12:28,"
",2,0.175705,0.629067,0.370933
冲刺的小黄蜂,刷短视频的时候，会发现很多露肉的视频评论里都在说“我看的明明是青少年模式为什么给我推荐这些”，所以青少年模式对视频的分类还需要改进,null,5-28 12:27,"
",0,0.751363,0.111887,0.888113
霸天BD,大人也需要,null,5-28 12:27,"
",2,0.333401,0.70003,0.29997
十六不好吃,妈妈再也不用担心我刷b站刷上头了,null,5-28 12:27,"
",2,0.261751,0.667788,0.332212
小丑Li的舞台,我国青少年比起其它国家格外脆弱,null,5-28 12:27,"
",2,0.198399,0.63928,0.36072
冰镇麻辣烫000,谁来拯救成年人啊，我也沉迷，每天看不进去书，工作上一有空就刷手机,null,5-28 12:26,"
",2,0.569112,0.8061,0.1939
Lollipop-DL,这个好,null,5-28 12:26,"
",2,0.36489,0.7142,0.2858
韩古风给发的,加强一下吧！,null,5-28 12:26,"
",0,0.236159,0.343728,0.656272
落花微雨678,要是把网络游戏也安装上防迷系统就完美了，恐怕能救不少祖国花朵。,null,5-28 12:26,"
",2,0.63993,0.837969,0.162031
认真考虑规划问题中的kin酱,但是有很多未成年人都是拿长辈父母的手机登录的。所以有用？！,null,5-28 12:25,"
",2,0.278807,0.675463,0.324537
哼泰亨,我觉得还行，但能不能给我们成年人来一个成人模式,null,5-28 12:25,"
",0,0.00291599,0.448688,0.551312
凉嗖嗖的薄荷糖,不管这些软件怎么做，家长不好好教育还是没用的啦，父母自己都沉迷于网络游戏之类的，孩子自然会有样学样的，所以言传身教最重要！,null,5-28 12:25,"
",2,0.258214,0.666196,0.333804
唐麟风雅,猛然一惊，然后意识到自己已经成年了。啊，第一次感到长大了真好。,null,5-28 12:25,"
",2,0.761167,0.892525,0.107475
垮叉晴天,我不是青少年，国家不管我了,null,5-28 12:24,"
",0,0.669158,0.148879,0.851121
哆啦B梦做仰卧起坐,我家小孩天天沉迷CCT新闻 肿么办？,null,5-28 12:23,"
",0,0.242389,0.340925,0.659075
嘿嘿喵当丁,能不能分级啊,null,5-28 12:23,"
",1,0.655501,0.482775,0.517225
这个虾滑不太滑,赶快推行,null,5-28 12:23,"
",1,0.790733,0.489537,0.510463
FlippedOO7,@大盗曹中秋 哈哈哈哈哈哈,共1条回复,5-28 12:21,"
",2,0.586086,0.813739,0.186261
溺水的面条,按8个视频算，一个视频app玩3小时，3×8,null,5-28 12:20,"
",1,0.921052,0.503947,0.496053
三猫爱佩奇,哈哈哈哈哈哈哈一个综艺仨小时，看完就歇着了,null,5-28 12:20,"
",2,0.564336,0.803951,0.196049
凤-简单随意,支持,null,5-28 12:20,"
",2,0.589711,0.81537,0.18463
楼曾依尚,希望有效,null,5-28 12:18,"
",2,0.0956672,0.59305,0.40695
不戴眼镜听不清说什么,可不可以把限制年龄提高到退休年龄？我也被限制。,null,5-28 12:18,"
",0,0.505341,0.222596,0.777404
7分饱打7折,好事,null,5-28 12:18,"
",1,0.110049,0.544498,0.455502
潇了个函就是北了个方,不过最后落实下来还是要看家长管不管啊,null,5-28 12:17,"
",0,0.181622,0.36827,0.63173
liz军长,我也觉得可以管，大部分孩子都被玩手机给害了，包括我,null,5-28 12:17,"
",1,0.898409,0.49492,0.50508
白开水壹杯,成年人沉迷网络怎么治？,null,5-28 12:16,"
",0,0.252432,0.336406,0.663594
凉嗖嗖的薄荷糖,无论怎么样想玩的小孩子们还是会玩的，最重要的还是父母怎么教育的问题，父母自己都满不在乎的话小孩子自然也是一样，我们家孩子八岁了不管是看电视电脑，还是玩手机都是定时玩的，时间到了就会主动还给我,null,5-28 12:16,"
",2,0.914084,0.961338,0.0386622
片寄凉太的太太丶,成年人没有资格被保护嘛？,null,5-28 12:15,"
",0,0.133406,0.389967,0.610033
晞暮悠悠,救救孩子把,null,5-28 12:15,"
",1,0.809366,0.490468,0.509532
Yao_Quanhao,来个18+模式,null,5-28 12:15,"
",2,0.0625176,0.578133,0.421867
阿姆斯特朗678,@时光不停站,null,5-28 12:15,"
",2,0.207247,0.643261,0.356739
王耑2014,送给你们的儿童节礼物,null,5-28 12:14,"
",2,0.070641,0.581788,0.418212
今年可以学会吹埙么,干得漂亮,null,5-28 12:14,"
",2,0.551899,0.798355,0.201645
丶Twisted,舒服,null,5-28 12:14,"
",2,0.571379,0.80712,0.19288
牧舒尘,一个软件时间到了换一个啊？？所以联合的防沉迷才有用吧,null,5-28 12:14,"
",0,0.303591,0.313384,0.686616
hj38864,举报小姐姐APP直播平台现场直播黄色淫秽视频，对社会影响危害极大！,null,5-28 12:14,"
",1,0.336168,0.533192,0.466808
孩子孩子你怎么这么坏,沉迷了管也没用了,null,5-28 12:13,"
",0,0.29366,0.317853,0.682147
隔壁r_LEO,救救成年人！！！,null,5-28 12:13,"
",2,0.10331,0.59649,0.40351
只对勋勋心动,还好我成年的及时,null,5-28 12:12,"
",2,0.258952,0.666529,0.333472
52刘川枫,你这是管孩子？不学一下欧美管分层。连香港很早以前的公益广告都提倡家长疏导孩子看电视，搞那么多花里胡哨的做什么？？？还越搞越差,共2条回复,5-28 12:12,"
",0,0.97467,0.0113985,0.988602
当个打卡的小号吧,视频APP买了会员还有广告那叫专属超值推荐，vip看电影还得花钱呢,null,5-28 12:11,"
",2,0.854495,0.934523,0.0654773
伊恩加菲尔德,要泥寡！,null,5-28 12:11,"
",0,0.0231342,0.43959,0.56041
唯一TGS,企业做出来这个模式，就应对上头的指导意见来完成的，不是来应对孩子的,null,5-28 12:10,"
",1,0.600431,0.480022,0.519978
一只言喵儿,可以,null,5-28 12:10,"
",2,0.447676,0.751454,0.248546
梦想是嫁给萌德,幸好老子快成年了,null,5-28 12:10,"
",0,0.125334,0.3936,0.6064
害怕孤独的灵魂,是要管,null,5-28 12:10,"
",0,0.00903858,0.445933,0.554067
皇帝鱼翅客,哦，儿童节礼物啊,null,5-28 12:09,"
",2,0.613142,0.825914,0.174086
Indestructible男二號,@芹菜CCO,null,5-28 12:09,"
",1,0.671202,0.51644,0.48356
吱吱是条废咸鱼,太好了b站终于可以管管小学生了,null,5-28 12:09,"
",2,0.676037,0.854217,0.145783
0后谢刚,王者,null,5-28 12:08,"
",2,0.0257903,0.561606,0.438394
公羽弎石,有啥用？孩子都拿着爸妈的手机不给就撒泼打滚耍赖。。。,null,5-28 12:08,"
",0,0.412741,0.264266,0.735734
房國遺民,拼眼睛的时代来了！,null,5-28 12:08,"
",1,0.736619,0.486831,0.513169
映今月,不仅要防沉迷，还要分级,null,5-28 12:08,"
",2,0.162457,0.623106,0.376895
贵族阁下,好,null,5-28 12:07,"
",2,0.439958,0.747981,0.252019
huiu0217,我还有几个月成年，你们慢点啊,null,5-28 12:07,"
",0,0.0821087,0.413051,0.586949
下智健君正得,防沉迷系统都多少年了，现在的孩子傻到写自己名字上去了吗？,null,5-28 12:06,"
",0,0.579966,0.189015,0.810985
葵疯子有医生开的证明,希望有分级,null,5-28 12:06,"
",1,0.467269,0.526637,0.473363
新浪山东头条,#小浪微评# #视频平台青少年防沉迷系统# 当下视频平台的推荐机制越来越完善，让人欲罢不能，在这中趋势下退出青少年防沉迷系统是很有必要的，平台固然会追求自己的利益去推荐，但更应承担社会责任，给青少年良好的成长空间。,null,5-28 12:04,"
",2,0.980254,0.991114,0.00888572
半只虾米,央视给做了个九宫格广告,null,5-28 12:04,"
",1,0.544518,0.477226,0.522774
茜茜国王V,我小时候就搞防沉迷了，照样想玩就玩，能不能想个更高级的法子……真以为孩子傻，不会用家长身份证认证啊,null,5-28 12:03,"
",0,0.661067,0.15252,0.84748
看到我请催我去治病,为什么从我生病这几年来，各种软件就都上了防沉迷系统……我怀疑国家在针对我，但是我没有证据,null,5-28 12:03,"
",0,0.478703,0.234583,0.765417
GBMYALMOSTLOVERx,我弟一直都用我妈的手机玩啊,null,5-28 12:03,"
",2,0.370822,0.71687,0.28313
帮他养猫,今天打开某视频网站已经提醒我了,null,5-28 12:03,"
",0,0.269559,0.328699,0.671301
二二三三是数字,我成年了哈哈哈哈,null,5-28 12:02,"
",2,0.238506,0.657328,0.342672
时间延缓效应,干的漂亮,null,5-28 12:02,"
",2,0.640916,0.838412,0.161588
_BenzG,现在的短视频和直播app简直就是精神鸦片,null,5-28 12:01,"
",0,0.0354479,0.434048,0.565952
余音-46286,我高三毕业了，防沉迷还管着我？,null,5-28 12:00,"
",0,0.067265,0.419731,0.580269
心如魔幻YOUAI,指责家长的 有些家长忙碌管不到孩子 手机又是随时接听可用 藏起来还不行 所以孩子自己就偷着拿家长的手机玩 这个不能全指望家长 国家出台这样是更好的协助家长 总不能放弃忙碌全天24小时管控孩子吧 孩子不像成年人自制力又差 所以也需要借助国家和家长共同去做的 教育就是多方协助的不是吗,null,5-28 12:00,"
",0,0.972708,0.0122813,0.987719
yiqi前往,唉，搞个青少年模式都不行，全是大胸大屁股的姐姐，一看就是俩小时，还是我心境不够啊。,null,5-28 12:00,"
",0,0.978736,0.00956896,0.990431
飞絮_9876,大力支持,null,5-28 12:00,"
",2,0.606659,0.822997,0.177003
小关过河,有没有成年人模式,null,5-28 12:00,"
",2,0.0273452,0.562305,0.437695
莫征Mozen,b站我用来学前端,null,5-28 11:59,"
",1,0.964345,0.501783,0.498217
深情表演o3o,要加健康系统也应该加在直播平台啊，优爱腾有点儿过了吧,null,5-28 11:59,"
",2,0.361936,0.712871,0.287129
优秀的少年啊,让成年人有点乐趣吧,null,5-28 11:59,"
",0,0.0796105,0.414175,0.585825
不知说说说,搞个分级真的好难啊,null,5-28 11:59,"
",0,0.155996,0.379802,0.620198
千叶月-,建议分级处理,null,5-28 11:58,"
",0,0.248442,0.338201,0.661799
TroyeHll,请各位家长也能给予一定的帮助,null,5-28 11:56,"
",1,0.92089,0.503955,0.496045
枫叶屿舞了,说实话，真的没什么用，管的不应该是孩子和软件，应该是家长啊……就一个正常家庭来说，在孩子毕业以前将近二十年是和家长在一起的呀，所以不应该是家长引导孩子吗？想法的确是好的，但这出发点……算了，不是我能说的,null,5-28 11:56,"1
",0,0.95541,0.0200655,0.979935
WHY_BIU,Good,null,5-28 11:56,"
",2,0.0288826,0.562997,0.437003
平安和平,国家网信办：网络视频平台全面推行青少年防沉迷系统。,null,5-28 11:56,"
",2,0.273406,0.673033,0.326967
Sun-Aquarius,a站不是关了？最主要的还是推动分级吧,null,5-28 11:54,"
",0,0.670856,0.148115,0.851885
还在寻找绿洲,反正就是不分级,null,5-28 11:54,"
",0,0.622699,0.169785,0.830215
Arvin_shi,可怜的一零后，被这些所谓的科技互联网公司当赚钱的工具,null,5-28 11:53,"
",0,0.876498,0.055576,0.944424
一笼蒸饺,不要只针对六一，要以后都得这样,null,5-28 11:53,"
",0,0.507165,0.221776,0.778224
我是孟君呐xixi,看到咯噔一下！然后才想起来已经自己已经成年了。沉浸在还是16.17岁,null,5-28 11:51,"
",0,0.197427,0.361158,0.638842
呀凌凌凌凌,好想出一个高中生防沉迷系统,null,5-28 11:51,"
",2,0.405874,0.732643,0.267357
吐槽坚_,那我还能住在B站吧,null,5-28 11:51,"
",1,0.144938,0.457247,0.542753
龙舌兰110168,,null,5-28 11:51,"
"
烙篁,能不能给晋江设置一个14岁一下禁止进入的呢,null,5-28 11:51,"
",0,0.00536362,0.447586,0.552414
孟小茹a,QQ会不会以后也有这个玩意,null,5-28 11:51,"
",0,0.048109,0.428351,0.571649
银雪凤凰,应该的,null,5-28 11:50,"
",2,0.0647569,0.579141,0.420859
永州网警巡查执法,#净网2019# 【国家网信办：网络视频平台全面推行青少年防沉迷系统】,null,5-28 11:50,"
",2,0.555129,0.799808,0.200192
许妳一诺,少年强则腾讯强！,null,5-28 11:49,"
",2,0.380114,0.721051,0.278949
夏日有虫鸣,防沉迷用百度到的身份证可以验证，怎么说,null,5-28 11:49,"
",2,0.301352,0.685608,0.314392
田田田田田119,视频,null,5-28 11:49,"
",1,0.489336,0.525533,0.474467
我是隔壁家老王,这个措施可以，给你套个模具，你就要按照这个模具长，长不好怪模具不好，不怪套模具的人和套模具的措施不好。,null,5-28 11:48,"
",0,0.971382,0.0128782,0.987122
地瓜果儿丶,根本作用不大，建议下架这些脑残APP才是最有利的办法,null,5-28 11:48,"
",0,0.511724,0.219724,0.780276
文治街道办事处,,null,5-28 11:47,"
"
李灬焕伟,不是限制系统，而是限制人，父母都不管，还还什么能阻止孩子的,null,5-28 11:47,"
",0,0.0606708,0.422698,0.577302
可爱SI可,这个转变是进步，我们应该支持。只有实施起来才知道效果，也能逐步改进～,null,5-28 11:47,"
",2,0.417716,0.737972,0.262028
一个置顶,并没又,null,5-28 11:47,"
",0,0.0560596,0.424773,0.575227
快乐不悔青春,早就该管管了，现在小孩子天天沉迷于此，行为都怪异了,null,5-28 11:47,"
",0,0.716193,0.127713,0.872287
JackPargo,如何才能青少年模式,null,5-28 11:47,"
",0,0.222243,0.34999,0.65001
2019开心如意,能起实际作用吗,null,5-28 11:46,"
",0,0.269022,0.32894,0.67106
芬达QuQ,说实话这个办法真的很鸡肋,null,5-28 11:46,"
",0,0.250859,0.337113,0.662887
妮妮内增高,六一大礼包请收好,null,5-28 11:46,"
",2,0.175482,0.628967,0.371033
萨拉达_KK,AC竟然还活着？,null,5-28 11:45,"
",0,0.511391,0.219874,0.780126
你是小熊软糖,什么时间出个成年人模式,null,5-28 11:45,"
",1,0.185302,0.459265,0.540735
问风的音讯,全面推行青少年防沉迷系统 ，好棒的一件事情啊,null,5-28 11:45,"
",2,0.355997,0.710199,0.289801
阳光灿烂大樱桃,啥是防沉迷系统？,null,5-28 11:44,"
",0,0.269488,0.32873,0.67127
本薄荷是S级的,这个模式可以都用吗我jio的我需要,null,5-28 11:44,"
",2,0.255366,0.664915,0.335085
zxWei薇,过分了吧,共3条回复,5-28 11:43,"
",0,0.36377,0.286303,0.713697
朵啦大人,本成年人也需要,null,5-28 11:43,"
",2,0.220443,0.649199,0.3508
天了噜一百三十阿哥,应该对所有人都限制！学生一天一小时，累积到时间就上不去！成年人2小时！这个国家都要被这些脑残娱乐至上的软件坑死了,共2条回复,5-28 11:43,"
",0,0.971525,0.0128137,0.987186
KUUUMA,有没有中老年人防沉迷系统,null,5-28 11:43,"
",0,0.0386507,0.432607,0.567393
一个连昵称都不会取的人,全部禁掉，让我们微博粉些再次燥起来,null,5-28 11:42,"
",0,0.0699919,0.418504,0.581496
和肖战哥哥恋爱,没事我成年了,null,5-28 11:42,"
",1,0.426596,0.52867,0.47133
搞到小葱花,早该这样了，,null,5-28 11:42,"
",0,0.251303,0.336914,0.663086
cmulf,呵呵,null,5-28 11:42,"
",2,0.389173,0.725128,0.274872
熱心市民陳小明,說那麼多幹嘛還不是因為家長嫌麻煩不想管教孩子,null,5-28 11:42,"
",0,0.718552,0.126652,0.873348
许奕啊,本大一未成年人瑟瑟发抖,null,5-28 11:40,"
",1,0.79754,0.510123,0.489877
Be1极星,拿家长的身份证认证就好了,共1条回复,5-28 11:40,"
",1,0.786376,0.510681,0.489319
Lilian_0217,这个能不能治熬夜,null,5-28 11:40,"
",1,0.995675,0.499784,0.500216
上岸的鱼在等一场雨,不该管的管的太多，该管的不作为，一天到晚就扫黄,null,5-28 11:38,"
",0,0.636692,0.163488,0.836512
现在呢星,芒果tv呢,null,5-28 11:37,"
",2,0.22035,0.649157,0.350843
兽佘,@I__2hm,null,5-28 11:37,"
",1,0.398663,0.530067,0.469933
Myshadow23531,@SIRIUSborben,共1条回复,5-28 11:36,"
",1,0.398663,0.530067,0.469933
立冬欢儿,希望有实效。,null,5-28 11:36,"
",1,0.145295,0.542735,0.457265
宝芳草宝贝贝,这个不错,null,5-28 11:36,"
",2,0.723248,0.875462,0.124538
卢志冬,微博也管理管理,null,5-28 11:36,"
",0,0.437779,0.253,0.747
相遇是奇遇,开个15s动态头像识别呗,null,5-28 11:36,"
",2,0.00990497,0.554457,0.445543
RJ啊,不给手机啥事没有,null,5-28 11:35,"
",0,0.546816,0.203933,0.796067
想来份饺子,读一年级的侄子放假就是沉迷于这些视频，快救救孩子吧。,共1条回复,5-28 11:35,"
",2,0.41123,0.735053,0.264947
重回1996年,我微视没有名字嘛@微视APP,null,5-28 11:35,"
",0,0.164282,0.376073,0.623927
搜索一个半,手机上竟然没有一个类似app，这是长大了？,null,5-28 11:35,"
",0,0.81944,0.0812518,0.918748
胜圣盛晟杨,支持,null,5-28 11:35,"
",2,0.589711,0.81537,0.18463
岁月_静好_,我们家四岁的小侄子是：我去打把吃鸡。。。,null,5-28 11:35,"
",2,0.0290169,0.563058,0.436942
紹興敏好學與德鄰,隔壁电竞产业发达的韩国早有了，都早立法了，未成年人24点以后到早上6点强制下线，宪法裁判所早作出合宪判决。在法律家长主义理论前，你们都是法律眼里的孩子，要像家长一样照顾你们。,null,5-28 11:33,"
",0,0.234717,0.344377,0.655623
马云凯come,希望国家多管管网站里的黄色信息建立重判现在的孩子张口就来的黄色段子,null,5-28 11:33,"
",0,0.503766,0.223305,0.776695
邝大柳,应该是把父母教育好，再让父母管好孩子吧？这种办法只是一个辅助手段,null,5-28 11:33,"
",0,0.0663292,0.420152,0.579848
杨杨的印第安酒窝,这个可以有@UNINE_胡春杨 #胡春杨暴风成长#,null,5-28 11:33,"
",2,0.674462,0.853508,0.146492
北极熊和宝批龙,搞个分级这么困难吗净搞这些花里胡哨的,null,5-28 11:33,"1
",0,0.636263,0.163682,0.836318
不咬动是可爱,支持！,null,5-28 11:32,"
",2,0.746168,0.885776,0.114224
甜盐患者,为什么不分级呢 怎么界定儿童和青少年呢,null,5-28 11:32,"
",0,0.264985,0.330757,0.669243
风逯秋白,干得漂亮,null,5-28 11:32,"
",2,0.551899,0.798355,0.201645
Jovei_,分级！！分级！！分级！！分级！！分级！！ 保障成年人看成年人该看的内容的权利！！,null,5-28 11:32,"1
",2,0.250258,0.662616,0.337384
姑苏月夜,最近打开这些app总提示我要设置青少年模式，年轻就是这样。,null,5-28 11:32,"
",1,0.646124,0.517694,0.482306
尼古拉丝儿·湾湾酱,要是一个app看两小时,null,5-28 11:31,"
",0,0.0202648,0.440881,0.559119
达不到目标绝不改名字,哈哈哈，开始断绝下一代了，嗯，真好,null,5-28 11:31,"
",2,0.747977,0.886589,0.113411
CCD甜甜,的确该出实招整治，希望家长也充分利用好平台，以身作则，好好培养自己的后代。,null,5-28 11:31,"
",2,0.349331,0.707199,0.292801
程笑笑笑笑笑嘿嘿,女大学生才需要呜呜呜呜呜呜,null,5-28 11:31,"
",0,0.075497,0.416026,0.583974
紹興敏好學與德鄰,隔壁电竞产业发达的韩国早有了，都早立法了，未成年人24点以后到早上6点强制下线。,null,5-28 11:30,"
",2,0.481106,0.766498,0.233502
Aiko_Yuyuyu,六一儿童节最好的礼物🎁,null,5-28 11:30,"
",2,0.117388,0.602825,0.397175
JokerKnight_,无条件支持因为我刚成年,null,5-28 11:30,"
",2,0.60525,0.822363,0.177637
姜茈,最后一个那么可爱是什么app,null,5-28 11:30,"
",2,0.303476,0.686564,0.313436
杜元贞,我手机上都有，从来不沉迷,null,5-28 11:29,"
",0,0.0987001,0.405585,0.594415
Yolannndaaaa,啥时候轮到 VIP 广告 分级电影🤷🏻♀️,null,5-28 11:29,"
",1,0.651221,0.482561,0.517439
小黑蛇跟我走,没法控制哈哈,null,5-28 11:29,"1
",2,0.556547,0.800446,0.199554
某个六月,什么时候有管教熊孩子的政策,null,5-28 11:29,"
",2,0.254318,0.664443,0.335557
紹興敏好學與德鄰,隔壁电竞产业发达的韩国早有了，都早立法了，未成年人强制下线。,null,5-28 11:29,"
",2,0.331714,0.699271,0.300729
庸才少年,芒果Tv呢,null,5-28 11:29,"
",2,0.224572,0.651057,0.348943
章鱼哥R,关键人民网新华网青少年频道目前不好玩呀,null,5-28 11:29,"
",1,0.0525784,0.452629,0.547371
重阳兄要变壮,能不能整个中老年防沉迷系统，我妈每天抱着手机看视频,null,5-28 11:29,"
",0,0.0855834,0.411487,0.588513
南皮南皮南,搞，再搞点分级，成年人也需要关爱好吗,null,5-28 11:28,"
",0,0.491115,0.228998,0.771002
Silence杨梅,根本没有用，就算根据身份证信息识别强制要求上线时间，有些未成年还是会使用父母的身份信息。我觉得根本在父母管不管得住。别问我为啥知道，因为我干过,共1条回复,5-28 11:28,"
",0,0.807417,0.0866623,0.913338
旅者自静,我觉得除非人脸识别，或者指纹识别来区分，不然真没啥用，毕竟不是强制的,null,5-28 11:28,"
",0,0.849746,0.0676141,0.932386
小辳辳小,防沉迷和分级毕竟还是不一样吧……平台上还有很多动画片也不适合儿童观看，分区都懒得分的……,null,5-28 11:28,"
",0,0.287331,0.320701,0.679299
九峰余雄军,想法是好的，,null,5-28 11:28,"
",2,0.371723,0.717275,0.282725
秋名奇哈,@条件男友: 救救网站多管孩子吧,null,5-28 11:27,"
",0,0.166762,0.374957,0.625043
爷爷泡的茶不加糖,六一儿童节礼物,null,5-28 11:27,"
",2,0.355828,0.710122,0.289878
Namefhf,bilibili舞蹈区,null,5-28 11:27,"
",2,0.181315,0.631592,0.368408
tzdzbxz天地奇闻,看到这些短视频就烦,null,5-28 11:27,"
",0,0.34792,0.293436,0.706564
logojackmowo,B站少一些小学生是好事,null,5-28 11:27,"
",0,0.379919,0.279036,0.720964
不是禾斗匕禾页M,六一礼物？？？,null,5-28 11:27,"
",0,0.0875686,0.410594,0.589406
妈妈说微博名字太长会被怪叔叔圈,哈哈哈哈拍手叫好,null,5-28 11:27,"
",2,0.406584,0.732963,0.267037
从不随风而去,我觉得成年人也该有个系统，有的成年人比未成年人还沉迷,null,5-28 11:26,"
",2,0.404872,0.732192,0.267808
丷我妻由乃,能不能有个年龄限制啊…手持身份证拍照之类的，救救成年孩子吧……救救网站吧,null,5-28 11:26,"
",1,0.720805,0.51396,0.48604
雨的角落,就算是防沉迷，也是需要打开手机看的。一样的用手机，换汤不换药。从源头出发，整治各种综艺节目，造星平台。你看看。都把孩子霍霍成什么样子了,null,5-28 11:25,"
",0,0.242405,0.340918,0.659082
Daddy-sLilMonster,我希望我也有防沉迷,null,5-28 11:25,"
",1,0.18367,0.540816,0.459184
枫桥寒夜,成人沉迷就不管了吗？救救我,null,5-28 11:25,"
",0,0.357548,0.289103,0.710897
尼斯湖旁的手指甲,小孩一哭有些大人就受不了了,null,5-28 11:25,"
",0,0.403112,0.268599,0.7314
青川广播电视台,【国家网信办：网络视频平台全面推行青少年防沉迷系统】,null,5-28 11:24,"
",2,0.25766,0.665947,0.334053
SEXONTHEBEACH,放个假还不准孩子们看看电视剧？？,null,5-28 11:24,"
",0,0.904926,0.0427832,0.957217
荒荒荒荒念,只有爱奇艺腾讯跟B站。97年的我仿佛老年人…建议再加大力度整治一下快手什么的里面那些低俗内容吧,null,5-28 11:24,"
",0,0.622095,0.170057,0.829943
is周周周周周周,能不能直接分级？可以解决好多事情。你们就是为了自己的利益不顾大众的合理诉求呗,null,5-28 11:24,"
",1,0.777975,0.488899,0.511101
今迷醉吸猫ting7,说真的，我沉迷的不是视频游戏，而是手机这个载体。你限制视频，但总有其他娱乐方式在手机里，管一管手机才是真的，来自自己的切身体会,null,5-28 11:23,"
",1,0.671083,0.483554,0.516446
陈木乱,神经病,null,5-28 11:23,"
",1,0.525035,0.476252,0.523748
我听闻女施主一个人一个人,没买会员之前说充会员免广告，充了会员把广告换个名字叫推荐，呵呵，真是道高一尺 魔高一丈！,null,5-28 11:23,"
",0,0.598392,0.180724,0.819277
一厘米的键盘,所以电影电视剧小说动漫什么时候也出台一个青少年防沉迷，救救我们行业和大人？,null,5-28 11:23,"
",1,0.871022,0.506449,0.493551
迪迪迪迪Kiu,什么时候能分级啊,null,5-28 11:22,"
",2,0.047493,0.571372,0.428628
新生儿vx,国家也就尽管这种破事,null,5-28 11:21,"
",1,0.23108,0.538446,0.461554
呀是牛肉,还是要有大人盯着才有用 没人盯着有屁用…,null,5-28 11:21,"
",0,0.370206,0.283407,0.716593
大大大大怪江军,我都快成年了,null,5-28 11:21,"
",2,0.313776,0.691199,0.308801
新生儿vx,this is China,null,5-28 11:20,"
",1,0.41042,0.529479,0.470521
开自行车的阔爱酱,微博应该拥有姓名哈哈哈哈哈哈,null,5-28 11:20,"
",2,0.744179,0.884881,0.115119
新生儿vx,给爷整笑了,null,5-28 11:20,"
",0,0.0399794,0.432009,0.567991
shui里有怪兽firsty,28岁，只有爱奇艺跟腾讯看动画片，其他都没有，是不是有代沟……,null,5-28 11:20,"
",0,0.72341,0.124466,0.875534
和果子laka,行吧，只有青少年没有成年人,null,5-28 11:20,"
",0,0.427761,0.257507,0.742493
三湘名博沙龙,转发微博,null,5-28 11:19,"
",1,0.713022,0.514349,0.485651
-何大江-,但联合国教科文组织规定24岁以上就不是青年了怎么办。,null,5-28 11:19,"
",0,0.827798,0.077491,0.922509
兰博布鲁斯,7x24小时新闻联播，从不换台，无比自豪,null,5-28 11:19,"1
",1,0.552401,0.52238,0.47762
哆啦A-梦里梦到醒不来的梦,我觉得大人也需要防沉迷了,null,5-28 11:19,"
",2,0.0974231,0.59384,0.40616
平行音阶,?????,null,5-28 11:18,"1
",0,0.642121,0.161046,0.838954
我很怪zzz,分级制度也请尽快出台,null,5-28 11:18,"
",2,0.0512248,0.573051,0.426949
梦里-烟花,儿童节礼物？,null,5-28 11:18,"
",1,0.972975,0.501351,0.498649
地表最强LC,我认为还应该把这些所有平台结合起来，要不然的话每个平台玩一会儿，算下来还是沉迷,null,5-28 11:18,"
",2,0.367567,0.715405,0.284595
非专业学徒,我开启青少年模式都给我推送的什么,null,5-28 11:18,"
",1,0.269875,0.536506,0.463494
诺Se7en,那电视台怎么办，是不是也要给电视台防沉迷？,null,5-28 11:18,"
",0,0.586033,0.186285,0.813715
AKIForever,分级别！！！赶紧推行！,null,5-28 11:17,"
",1,0.894593,0.50527,0.49473
我是猪排盖浇饭,分级吧,null,5-28 11:17,"
",0,0.00485195,0.447817,0.552183
w洛衣w,微博也有个青少年模式，但是感觉也没什么用啊,null,5-28 11:17,"
",0,0.0579441,0.423925,0.576075
地表最强LC,点赞,null,5-28 11:16,"
",2,0.67011,0.851549,0.148451
圈真无聊,以为大家只沉迷视频网站吗,null,5-28 11:16,"
",0,0.656263,0.154682,0.845318
李真颜,@DaoWrATh 小朋友快看,null,5-28 11:16,"
",2,0.319047,0.693571,0.306429
舔尾巴的小考拉,什么时候出成年人防和谐系统？,null,5-28 11:16,"
",0,0.0538307,0.425776,0.574224
一脑袋高粱花子,还好我成年了,null,5-28 11:16,"
",1,0.523795,0.47619,0.52381
屯田大夫,关键是家长不要给熊孩子手机,null,5-28 11:16,"
",0,0.118755,0.39656,0.60344
大连户口身份证,【国家网信办：网络视频平台全面推行青少年防沉迷系统】,null,5-28 11:15,"
",2,0.25766,0.665947,0.334053
阿阿阿peng啊,下一步是不是可以搞分级,null,5-28 11:15,"
",1,0.630507,0.481525,0.518475
艾艾tiger-su,主要还是看家长吧 我弟拿我的qq登录王者荣耀 。。。,null,5-28 11:15,"
",1,0.568929,0.478446,0.521554
东宝会社,怎么防？,null,5-28 11:15,"
",0,0.383855,0.277265,0.722735
是白柏啊,终于有点进步了,null,5-28 11:15,"
",1,0.717813,0.485891,0.514109
一记漂亮的倒挂金钩,分级啊！！！,null,5-28 11:14,"
",1,0.121959,0.543902,0.456098
江湖诱人小骗子,救救成年人吧,null,5-28 11:14,"
",1,0.547135,0.522643,0.477357
再见老久,家长也要担起责任,null,5-28 11:14,"
",2,0.0409685,0.568436,0.431564
Ms_PigLet,怒赞，小孩看里面的动画片和玩游戏上瘾了，不给玩还发火，正愁为何没有儿童模式,null,5-28 11:14,"
",2,0.690441,0.860699,0.139301
米三停止买书,绝望……,null,5-28 11:14,"
",0,0.264903,0.330794,0.669206
莎莎san,这是要开始分级了吗？还不如弄个成人版的。,null,5-28 11:14,"
",0,0.833442,0.0749511,0.925049
听说名字长的女孩子都长得漂亮,。。。手机不是家乡给孩子的？,null,5-28 11:14,"
",0,0.275097,0.326206,0.673794
活该不要徘徊,Xswl,null,5-28 11:13,"
",1,1,1,0
手残小剑圣,那可不可以顺便分下级，我不想再看放大、删减、马赛克的画面了，看动画图个乐也不行,null,5-28 11:13,"
",0,0.658909,0.153491,0.846509
我来找猫了,有用吗,null,5-28 11:13,"
",1,0.860913,0.493046,0.506954
你想网恋吗,那能不能搞一个成人模式,null,5-28 11:13,"
",0,0.297072,0.316318,0.683682
广州天体售票员,你们玩完他咯，视频APP也加入防沉迷，煲个剧都不行了？,null,5-28 11:13,"
",0,0.742791,0.115744,0.884256
一堆肉的李老大,但青少年不点咋办呢？？？,null,5-28 11:12,"
",0,0.777278,0.100225,0.899775
你说的琦是什么琦,幸好我已经不是青少年了话说什么时候小说也可以分级，别一刀切了,null,5-28 11:12,"
",0,0.34923,0.292846,0.707154
三国杀3V3专业边锋是也,中国不配拥有成年人,null,5-28 11:12,"1
",2,0.0819687,0.586886,0.413114
-方阿,我看的他都。。@一只尧Y,null,5-28 11:12,"
",2,0.0350591,0.565777,0.434223
杨云光会越来越好的,B站现在的视频内容尺度问题越来越大了，互联网的分级制度早日出台。,null,5-28 11:11,"
",0,0.409858,0.265564,0.734436
究极自闭呀,给力嗷，六一儿童节大礼包,null,5-28 11:11,"
",2,0.515135,0.781811,0.218189
缓释布洛芬,净整些没用的,null,5-28 11:11,"
",0,0.09235,0.408442,0.591558
碇烧鸡,算了吧，搞这个，懒得按年龄段分级。。都是瞎搞。他拿他爹妈的不就完了吗,null,5-28 11:11,"1
",0,0.928628,0.0321174,0.967883
_跟上司机的车车,请问啥时候研究一下分级呢？,null,5-28 11:11,"
",0,0.253156,0.33608,0.66392
颖CLOSE,成年人也需要,null,5-28 11:10,"
",2,0.28968,0.680356,0.319644
在妖化,进步一点点，分级快一点,null,5-28 11:10,"
",2,0.0623842,0.578073,0.421927
妙玉如筠,b 站。。。。?先整理微博吧！,null,5-28 11:10,"
",0,0.300418,0.314812,0.685188
Lisa是魔鬼,还不错哦,null,5-28 11:10,"
",2,0.836597,0.926469,0.0735313
主播国洋,跟视频有啥关系，要指导的是熊孩子,null,5-28 11:09,"
",1,0.0127006,0.450635,0.549365
金开诚围挡厂家直销,看来我需要给自己设置青少年模式,null,5-28 11:09,"
",0,0.189351,0.364792,0.635208
弗朗西斯09,b站不就是用来补番的吗。。。。。,null,5-28 11:09,"
",0,0.305722,0.312425,0.687575
旺仔小楠瓜,A站还在吗？,共1条回复,5-28 11:09,"
",0,0.733351,0.119992,0.880008
yt的天子笑,真开心，我不是儿童,null,5-28 11:09,"
",0,0.499541,0.225207,0.774793
游九天丶龙,主要还在家长，别把手机扔给孩子就啥都不管了。,null,5-28 11:09,"
",0,0.616741,0.172466,0.827534
三秦头条2019,邻居的小孩，早已经不唱“太阳当空照”了，真的“我们不一样” ！,null,5-28 11:09,"
",0,0.265957,0.330319,0.669681
我还是得改改名字啊,请问什么时候推出成人模式？我们可以拿身份证认证没问题,null,5-28 11:09,"
",2,0.540898,0.793404,0.206596
看看大家在干啥,我能说赖父母吗？你不玩手机，家里网断了行不行？家里没有孩子玩啥？一个个不愿意哄孩子，拿平板给孩子看的时候脑子都进水了！自己都不做榜样，还指望社会来管制？,null,5-28 11:08,"
",0,0.981585,0.00828658,0.991713
Dandrane516,应该再有个禁止青少年系统,null,5-28 11:08,"
",0,0.0894411,0.409751,0.590249
吳漢文,不登录也能看的啊？？？？或者用家长手机号注册不就行了，这怎么防止沉迷,null,5-28 11:08,"
",0,0.691447,0.138849,0.861151
SUKI-RAFA,我觉得我需要……整天沉迷B站,null,5-28 11:08,"
",0,0.155601,0.37998,0.62002
爱笑的小七加油,支持！至少国家努力了，剩下的就是自己的事了。,null,5-28 11:08,"
",2,0.682938,0.857322,0.142678
real樱花草,感觉没用啊，让自己选择青少年模式,null,5-28 11:08,"
",0,0.327627,0.302568,0.697432
JuinCitron,还是要看家长的监管,null,5-28 11:08,"
",0,0.269151,0.328882,0.671118
不想说话也不想笑,早该整治了。,null,5-28 11:08,"
",0,0.132698,0.390286,0.609714
纸缘维尼,人面识别年龄,null,5-28 11:07,"
",1,0.246998,0.53765,0.46235
翟先生和Chris,给力，终于没有小学生了,null,5-28 11:07,"
",2,0.168872,0.625992,0.374008
Q看世界Q,分级很难吗？,null,5-28 11:07,"
",0,0.638313,0.162759,0.837241
钟子嵇,作业太少了？学校管的太松了？多打几次就好了网站有啥大错吗？自制力太差，就怪诱惑太多吗？,null,5-28 11:07,"
",0,0.979231,0.00934586,0.990654
北冥有条大鱼游来游去,干的漂亮,null,5-28 11:07,"
",2,0.640916,0.838412,0.161588
烤鸡蛋烤,要是不和人脸识别挂钩的话，效果不大,null,5-28 11:07,"
",0,0.0979031,0.405944,0.594056
容大嬷嬷的小黑屋,分级制度不能建立一下吗？全员吃儿童套餐有意思吗,null,5-28 11:07,"
",0,0.469639,0.238662,0.761338
源来如此200210,支持,null,5-28 11:07,"
",2,0.589711,0.81537,0.18463
PZ要努力,我求求政府了，赶快分级好么,null,5-28 11:06,"
",1,0.753208,0.48766,0.51234
xkl_sy,有个len用咩 有条毛既分级制度吖,null,5-28 11:06,"
",0,0.0897825,0.409598,0.590402
2019nicer,,null,5-28 11:06,"
"
羽隹xy,沉迷最深的还是游戏…,null,5-28 11:06,"
",2,0.239763,0.657893,0.342106
RinTotsuka,分级阿，你不分级怎么知道是不是青少年,null,5-28 11:06,"
",0,0.561076,0.197516,0.802484
快来让我吃一口,这些APP到底面临着什么样的年龄群体。,null,5-28 11:05,"
",0,0.228381,0.347228,0.652772
晒妹大魔王,我A站不配拥有全名么,null,5-28 11:05,"
",0,0.436631,0.253516,0.746484
我觉得我还未觉醒,别让爹妈们这么忙，号召他们管管孩子，不行就给爹妈上上课，都是第一次做爹妈，心里都没谱。,null,5-28 11:05,"
",0,0.733615,0.119873,0.880127
guoxiaohong0825,防沉迷,null,5-28 11:05,"
",1,1,1,0
糊辣圈,要的真能借此分级就好了，保护一下成年人吧，996够辛苦了,null,5-28 11:05,"
",2,0.410317,0.734643,0.265357
第四主教,...至少以后哪个家长再拿那些理由的话，更能反驳是他们的问题了，然并卵就是了,null,5-28 11:05,"
",0,0.670985,0.148057,0.851943
双大宝双小宝,哈哈哈好厉害，这个儿童节礼物棒！,null,5-28 11:05,"
",2,0.924511,0.96603,0.03397
斯莱特林准研究生,也给我出个防沉迷吧我也出不来了,null,5-28 11:05,"
",0,0.517859,0.216963,0.783037
无作非为,感觉没啥用啊,null,5-28 11:04,"
",0,0.274374,0.326532,0.673468
Cassie大越越,想要中年防沉迷系统,null,5-28 11:04,"
",1,0.882604,0.50587,0.49413
爱爆炒龙虾,怎么防？,null,5-28 11:04,"
",0,0.383855,0.277265,0.722735
琪缘明,"""新浪微博:帮你点赞都是微博色情帐户","怎么不管""",null,5-28 11:04,"
",2,0.651637,0.843237,0.156763
小熊不是我呀,好朋友的女儿抖 音入魔了，手机在手就刷逗音，家长一没收跟失魂落魄一样，我们外人看着都心惊,null,5-28 11:04,"
",0,0.166694,0.374987,0.625013
fuckingjian,六一快乐就完事了,null,5-28 11:04,"
",2,0.0538569,0.574236,0.425764
绿间真太郎囍高尾和成,@想透程咬金 @塞巴斯是我的酱,null,5-28 11:04,"
",0,0.00280764,0.448737,0.551263
婧祎的守护者之一,本人很幸运不是未成年,null,5-28 11:04,"
",0,0.425459,0.258543,0.741457
阳光男孩02493,真的会上瘾，管不住自己,null,5-28 11:04,"
",2,0.221862,0.649838,0.350162
笨笨呆养的福宝,阅读网站也可以这样啊 实名认证未成年就看未成年可以看的咯,null,5-28 11:03,"
",2,0.436285,0.746328,0.253672
没错是没错吖,还好我成年了,null,5-28 11:03,"
",1,0.523795,0.47619,0.52381
请叫我-HQJ,如何防沉迷？？？玩手机时间常常失控的我非常需要！！！,null,5-28 11:03,"
",2,0.184692,0.633111,0.366889
__Vitamin-C,对不起，我的关注点在……a站还活着？,null,5-28 11:02,"
",0,0.784938,0.096778,0.903222
糖葫芦味儿的冰淇淋,分级分级分级分级分级分级分级,null,5-28 11:02,"
",1,0.473077,0.473654,0.526346
保安部王队长,建议给家长也安装一个，自己玩手机不管孩子，孩子也只能玩手机了。,null,5-28 11:02,"
",1,0.33725,0.466862,0.533138
豹肥阿宅,电视剧，电影，游戏，书籍，所有的文娱设施都应该年龄分级才好,null,5-28 11:02,"
",2,0.516221,0.7823,0.2177
呵呵杨杨额,再让你们分有线电视的蛋糕,null,5-28 11:02,"
",0,0.251232,0.336946,0.663054
松松松子啦,？？？,null,5-28 11:01,"
",0,0.431983,0.255608,0.744392
w星空下有你,怪不得我今天去b站下载。喜欢的爱豆的图片都下载不了了。,null,5-28 11:01,"
",1,0.696881,0.515156,0.484844
欢脱的石榴,那为啥不直接分级呢,null,5-28 11:01,"
",0,0.422186,0.260016,0.739984
逐渐陈哥化的浩南,铁汁萌，泥萌8得好果汁吃。,null,5-28 11:01,"
",2,0.714136,0.871361,0.128639
劉雙江嗯,干得漂亮,null,5-28 11:01,"
",2,0.551899,0.798355,0.201645
0没忘0,孩子拿父母或者大人的身份证验证，这个问题怎么解决？,null,5-28 11:01,"
",0,0.317624,0.307069,0.692931
树知了,我想给我妈弄一个，叽里呱啦太烦人了。,null,5-28 11:01,"
",0,0.751637,0.111763,0.888237
Mr__李辉,片前的广告更应该整治一下了，,null,5-28 11:01,"
",0,0.547462,0.203642,0.796358
锦毛鼠x,微博呢,null,5-28 11:01,"
",2,0.151844,0.61833,0.38167
Irene-始知相忆深,还好我成年了,null,5-28 11:00,"
",1,0.523795,0.47619,0.52381
擎擎cheng,防沉迷应该用身份证，银行卡，手机号，人脸识别，回答几个问题进行认证，也方便充钱,null,5-28 11:00,"
",2,0.131103,0.608996,0.391004
长安归故里唯不见长安,a站是啥啊。。。。。对不起，我太落后了,null,5-28 11:00,"
",0,0.863827,0.061278,0.938722
陶心昊,让B站小学生少点，这非常好,null,5-28 11:00,"
",2,0.237612,0.656925,0.343075
悦享金服,如果小孩子把上面的视频平台都下载了，每个平台就算看1小时，一天还能看18个小时，怎么防沉迷,null,5-28 11:00,"
",0,0.322994,0.304653,0.695347
五目炒饭之神i,管管孩子叭,null,5-28 11:00,"
",0,0.0237881,0.439295,0.560705
Pay啵啵,@One_Star__ 韩颖,null,5-28 11:00,"
",1,0.707468,0.514627,0.485373
EasonLibra,真想管的话，广电总局应该赶紧把电影分级定下来,null,5-28 11:00,"
",0,0.309552,0.310701,0.689299
黄桃山守望者,app端开启前置摄像头识别就可以了,null,5-28 11:00,"
",2,0.133308,0.609989,0.390011
主播张东,支持,null,5-28 11:00,"
",2,0.589711,0.81537,0.18463
看是我吧,6 1儿童节的礼物,null,5-28 11:00,"
",2,0.203228,0.641453,0.358547
C1awn,日活xx，每日使用时常xx，同比增长xx,null,5-28 10:59,"
",2,0.174927,0.628717,0.371283
康奔,简单，每看一段视频前先放5分钟不可跳跃的新闻联播节目，之后还要回答问题，一道答不对就要再看一遍。直到全答对了才能看视频。,null,5-28 10:59,"
",0,0.851821,0.0666804,0.93332
王丁克2,哔哩哔哩,null,5-28 10:59,"
",2,0.317428,0.692843,0.307157
MrMr_玉面小惠集,哈哈哈哈哈温室里的花骨朵,null,5-28 10:59,"
",2,0.821519,0.919684,0.0803165
佛道兼修的碗女士,救救成年人吧,null,5-28 10:59,"
",1,0.547135,0.522643,0.477357
炫炫的雨泽,好像只有最新版本才有吧。那只要不更新不就行了嘛！,null,5-28 10:59,"
",0,0.631137,0.165988,0.834012
猫大人·驾到,提问！如果实名制的话，十六岁十七岁但是已经上大学的，被这么压着多委屈啊,null,5-28 10:59,"
",1,0.376006,0.5312,0.4688
jiao116899,很多都有了,null,5-28 10:59,"
",2,0.369146,0.716116,0.283884
人生重定向,没什么用，上有政策，下有家长不引导，更有家长根本不管孩子只管举报,null,5-28 10:59,"
",0,0.72361,0.124376,0.875624
邵琦Leo,你可以不让他玩不让他看，但是没办法不让他想,null,5-28 10:59,"
",0,0.51642,0.217611,0.782389
动次大次动次大次boomboomboom,这个真是一份好的儿童节礼物呢,null,5-28 10:59,"
",2,0.522557,0.785151,0.214849
朗基努斯枪,我大a站居然上榜了 ，我以为都快亡了,null,5-28 10:59,"
",1,0.0553626,0.452768,0.547232
水心园4号桃朵朵喵,赞👍,null,5-28 10:59,"
",2,0.844392,0.929976,0.0700238
溜肩的小仓鼠,又要实名制，看个视频还要身份证分级我还可以理解，到处都要身份信息，迟早泄漏完,共1条回复,5-28 10:59,"
",0,0.491688,0.228741,0.771259
芋圆鱼丸儿,,null,5-28 10:58,"
"
nowpresent,作为一个成年人我也很容易沉迷,null,5-28 10:58,"
",2,0.212652,0.645693,0.354307
郭丙乾fk,建议给所有人都防沉迷,null,5-28 10:58,"
",2,0.0340577,0.565326,0.434674
白银彤丶,拥有模式之后还应该配套家长教育视频宣传片啥的，要不然孩子还是用家长的身份信息各种玩,null,5-28 10:58,"
",2,0.0732667,0.58297,0.41703
赵成鑫要加油啊,大学生也需要,null,5-28 10:58,"
",2,0.105321,0.597394,0.402606
DL---大霖,哈哈哈哈哈 时间不是问题 问题是全民素质,null,5-28 10:58,"
",1,0.915903,0.495795,0.504205
一一直在追逐,意思不过节就不管么,null,5-28 10:58,"
",0,0.568027,0.194388,0.805612
宾子要学习了,验证我是成年以后是不是能看点不一样的,null,5-28 10:58,"
",0,0.22348,0.349434,0.650566
耀耀耀耀切克闹一起嗨,网信粑粑,null,5-28 10:58,"
",1,0.305525,0.534724,0.465276
以沫Flora,我儿子知道换一个APP继续看,null,5-28 10:58,"
",2,0.198778,0.63945,0.36055
夏天的芽衣姑凉,a，b站动漫可别给我停了……其他随便禁,null,5-28 10:58,"
",0,0.069863,0.418562,0.581438
JJ是我们的哥哥,开始了 支持这样的做法,null,5-28 10:57,"
",2,0.380616,0.721277,0.278723
kittenmmm_,给个成人版吧考虑一下分级吧,null,5-28 10:57,"
",0,0.199193,0.360363,0.639637
墨守忘川,求求你们也多管管学校的APP吧，孩子要疯了,null,5-28 10:57,"
",0,0.446002,0.249299,0.750701
Leeyn嗯哼,@圈圈爱井一生,null,5-28 10:57,"
",2,0.436676,0.746504,0.253496
蘸牛肉丸的豆瓣酱,治标不治本，什么时候出等级制度啊，为了保护那些没人管的小孩而损害有分辨力的成年人的利益，服了,null,5-28 10:57,"
",0,0.271977,0.32761,0.67239
不如一起学习,大快人心啊，哈哈哈哈哈,null,5-28 10:57,"
",2,0.862616,0.938177,0.0618229
Mayuhe,支持！,null,5-28 10:57,"
",2,0.746168,0.885776,0.114224
青之藤萝,觉得现实生活太残酷，他们只能在这里沉迷！,null,5-28 10:57,"
",1,0.819738,0.490987,0.509013
胡萝卜配青椒,有没有防老年人沉迷模式,null,5-28 10:57,"
",1,0.976168,0.498808,0.501192
天牙-天曌,太好了，妖魔鬼怪似的，毁了下一代。还有那些网红，直播购物，都该制约。,null,5-28 10:57,"
",2,0.367054,0.715174,0.284826
索然无味暴躁金,送给小朋友的大礼包！刚好超龄，愉快的继续在各大网站逛荡！,null,5-28 10:57,"
",2,0.857384,0.935823,0.0641772
动感超银da,孩子都是用家长的手机,null,5-28 10:57,"
",2,0.0678753,0.580544,0.419456
妈妈说名字长在哪都是焦点,哪个青少年会沉迷于梨视频😂,null,5-28 10:57,"
",2,0.196857,0.638585,0.361414
神奇的周正义,呃，实际年龄20+，心理年龄5岁，算成年吗,null,5-28 10:57,"
",0,0.545235,0.204644,0.795356
dearJiam,必须的。,null,5-28 10:57,"1
",2,0.329576,0.698309,0.301691
魔幻天秤87831,主要是看家长怎么教育吧！,null,5-28 10:56,"
",0,0.320432,0.305805,0.694195
辣辣lD,感觉这些孩子真是麻烦啊（╯‵□′）╯︵┴─┴,null,5-28 10:56,"
",0,0.207831,0.356476,0.643524
纡屿,把手机收了不是更好吗？？？？,null,5-28 10:56,"
",0,0.852226,0.0664985,0.933502
食甘寝寧Z,,null,5-28 10:56,"
"
睡不醒的调调,看个视频都防沉迷了？,null,5-28 10:56,"
",0,0.288704,0.320083,0.679917
gghhhhdsc,请把小视频管理下，孩子天天看上瘾唱上面洗脑的歌,null,5-28 10:56,"
",0,0.185787,0.366396,0.633604
馨想知道2019,不仅青少年需要防沉迷,null,5-28 10:56,"
",1,0.405711,0.529714,0.470286
丑丑徐丶,家长不要纵容才是最重要的,null,5-28 10:56,"
",0,0.0286884,0.43709,0.56291
RondoMok,别误伤咱成年人就行,null,5-28 10:56,"
",2,0.0693795,0.581221,0.418779
xiaopadiu,直接封了不是很好，哈哈哈,null,5-28 10:56,"
",2,0.198097,0.639144,0.360856
竹林听风Orchid,全部实名，未成年人打不开软件,共1条回复,5-28 10:56,"
",0,0.470153,0.238431,0.761569
ERE05061,平台如果只知道赚钱那真是失败,null,5-28 10:56,"
",0,0.829247,0.0768388,0.923161
你家钊哥,干得漂亮,null,5-28 10:56,"
",2,0.551899,0.798355,0.201645
Aikon_ZX,Wdnmd,null,5-28 10:56,"
",1,1,1,0
云析月兮,分级不可以嘛。。。。。,null,5-28 10:56,"
",0,0.47086,0.238113,0.761887
桃李一壶,,null,5-28 10:56,"
"
这个家伙真懒_,那具体是怎么实施呢？现在三年级的小朋友刷某音顺手的很,null,5-28 10:56,"
",2,0.151296,0.618083,0.381917
Dec雨月,我侄子玩游戏用他妈妈的号，这个怎么防沉迷,null,5-28 10:56,"
",1,0.895777,0.494789,0.505211
小三岁-,支持,null,5-28 10:55,"
",2,0.589711,0.81537,0.18463
38324abc,看完这个APP再看另一个APP怎么整,null,5-28 10:55,"
",0,0.310275,0.310376,0.689624
如果我看到地狱,十年前就有防沉迷了，可挡住我们了吗,null,5-28 10:55,"
",0,0.282653,0.322806,0.677194
白麟K,分类有点儿奇怪吧😂AB站也属于网络视频平台，不只有短视频的呀,null,5-28 10:55,"
",0,0.0583194,0.423756,0.576244
纡屿,？？？？？？？？？？？？,null,5-28 10:55,"
",0,0.726854,0.122915,0.877084
晨阳枫叶,好棒的举措,null,5-28 10:55,"
",2,0.407799,0.73351,0.26649
墙头很多的我,@锦鲤锦鲤呀m,null,5-28 10:55,"
",2,0.0471184,0.571203,0.428797
留小小_,支持,null,5-28 10:55,"
",2,0.589711,0.81537,0.18463
卟卟的磨牙棒,救救网站多管孩子吧,null,5-28 10:55,"
",0,0.0311536,0.435981,0.564019
若影玄诺亦随遇,固定时间踢下线吗,null,5-28 10:55,"
",0,0.0763619,0.415637,0.584363
柚子芽呀,,null,5-28 10:55,"
"
DEER_DAWN睿,漂亮,null,5-28 10:55,"
",2,0.702915,0.866312,0.133688
何易无忧,只有b站,null,5-28 10:55,"
",0,0.250007,0.337497,0.662503
夜雀_为花哥爆灯,期待已久的分级？,null,5-28 10:55,"
",1,0.262479,0.463124,0.536876
布丁luck-,游戏也要整治啊,null,5-28 10:55,"
",2,0.253899,0.664255,0.335745
ZEH亱臨,分级也gkd,null,5-28 10:55,"
",2,0.272023,0.67241,0.32759
我要干净舒适的生活,挺好,null,5-28 10:55,"
",2,0.596488,0.81842,0.18158
辞辞Paranoid,虽然我已经成年了 但是我还是想打个？,null,5-28 10:55,"
",0,0.106011,0.402295,0.597705
Dyulerlorm,好,null,5-28 10:55,"
",2,0.439958,0.747981,0.252019
DEER_DAWN睿,？？？,null,5-28 10:55,"
",0,0.431983,0.255608,0.744392
锦鲤小哥,刚刚发现微博也有青少年模式了,共25条回复,5-28 10:55,"742
",0,0.0611981,0.422461,0.577539
有形De翅膀,儿童节🎁,null,5-28 10:55,"1
",1,0.269891,0.536505,0.463495
大王Huo事了,嘿嘿,null,5-28 10:54,"
",2,0.722286,0.875029,0.124971
超神阿卡曼不是人,支持,null,5-28 10:54,"
",2,0.589711,0.81537,0.18463
今天开始要开开心心哒,分级？,null,5-28 10:54,"
",0,0.181315,0.368408,0.631592
zxcvbnmmnbvc,啥时候把微博管管.....一堆辣鸡信息营销号,共25条回复,5-28 13:46,"1821
",0,0.562311,0.19696,0.80304
小子放学别走啊,微博该管管了,共6条回复,5-28 13:46,"797
",0,0.37976,0.279108,0.720892
铝单板厂家低配吴彦祖,为啥不给成年人也来个成年人模式,共27条回复,5-28 13:48,"509
",1,0.589952,0.479498,0.520502
·我是个游客,已经做的够好了，玩儿不玩儿就是家长孩子自己的事情了,共5条回复,5-28 13:46,"201
",2,0.478631,0.765384,0.234616
是韩佳钰,请从微博做起 真正的管控好 请加强举报和处理 拜托了最伤害未成年同时也是“未成年”最多的平台 在这里,null,5-28 13:49,"153
",0,0.472559,0.237349,0.762652
2019等你捧杯,快手跳过防沉迷吧 直接🈲️了吧,共18条回复,5-28 13:46,"120
",0,0.271756,0.32771,0.67229
赵老宽呀,防沉迷…游戏里的防沉迷再严格点吧，别让孩子坑我了,共5条回复,5-28 13:48,"81
",0,0.522869,0.214709,0.785291
贵士留学工作室,各部门请注意，小学生要放假了,null,5-28 13:48,"61
",0,0.0432818,0.430523,0.569477
爱听相声的安娜贝尔,不光这些，微博也改管管了,null,5-28 13:48,"50
",0,0.657437,0.154153,0.845846
净正心,这样就可以管管某蔡粉丝了,共7条回复,5-28 13:49,"50
",0,0.166622,0.37502,0.62498
先当我哥的妹妹,顺便把微博风气也整理一下吧,null,5-28 13:49,"22
",1,0.851595,0.49258,0.50742
孤独也是美丽的,分级吗,null,5-28 13:46,"19
",0,0.187072,0.365818,0.634182
如慕安凉,说实话作为一个成年人我都觉得某些搜索引擎无处不在的低俗广告真的无法直视，严重影响未成年人身心健康。,共1条回复,5-28 13:52,"26
",0,0.74117,0.116473,0.883527
凌动未来科技工作室,我觉得，应该还是要在教育上下功夫，好在学校不让带手机，但是在我看来，学校应该是教育孩子如何正确使用手机的地方啊，强制禁止就像性教育问题一样，反而会让孩子无知，放假放学后往死里玩，所以，教育才是根本，但是反观我们的教育。。。。。无语,共7条回复,5-28 13:50,"28
",0,0.79787,0.0909586,0.909041
却坐在今年里,微博该管管了 乌七八糟的,null,5-28 13:49,"12
",0,0.207498,0.356626,0.643374
_金小瑶_,还好我成年了,null,5-28 13:46,"9
",1,0.523795,0.47619,0.52381
MD_荣,微博也该整理了,null,5-28 13:49,"7
",1,0.269538,0.463477,0.536523
怀旧系bot,刚看的时候还有点担心自己被防沉迷 后来一想我已经成年了不好意思,null,5-28 13:47,"7
",2,0.0702699,0.581621,0.418379
迷恋呀,痘印防沉迷是真的需要，停不下来,null,5-28 13:47,"7
",2,0.138722,0.612425,0.387575
一个超酷得文科生,救救网站多管孩子吧,共1条回复,5-28 13:46,"6
",0,0.0311536,0.435981,0.564019
爱好是学习诶,虽然我已经21岁了，但是我觉得我需要啊！,null,5-28 13:49,"5
",2,0.288405,0.679782,0.320218
威维尾味伟,祖国的花朵需要更干净的世界,null,5-28 13:47,"4
",2,0.237484,0.656868,0.343132
鲤榆林,放假才追剧的怎么办,null,5-28 13:49,"4
",2,0.0903838,0.590673,0.409327
宇宙粉红泡泡_JT,9012年文化大革命？搞笑,null,5-28 14:39,"6
",0,0.202212,0.359005,0.640995
小阿柔柔柔Allen,都该管了,null,5-28 13:53,"2
",0,0.135785,0.388897,0.611103
幸运哥,确实该整顿了,null,5-28 13:50,"3
",0,0.522322,0.214955,0.785045
凌动未来科技工作室,适应的年龄范围是？,null,5-28 13:48,"3
",0,0.269563,0.328697,0.671303
雪球君关爱实在人,有毒吧？,null,5-28 13:46,"2
",0,0.373086,0.282111,0.717889
江小白不加冰,等等？腾讯视频，电影都不让看了？,null,5-28 13:50,"5
",0,0.483382,0.232478,0.767522
Soul-vic,啥时候管管那些过嘴瘾的造谣yxh呢,null,5-28 13:52,"3
",1,0.671098,0.516445,0.483555
Soul-vic,啥时候管管那些网络暴力的人呢,null,5-28 13:51,"2
",0,0.0617309,0.422221,0.577779
走在至富路上的羔,微博管一管吧 网络暴力管一管吧,null,5-28 13:49,"2
",0,0.571725,0.192724,0.807276
-Mikrokosmos7,但是不都是用爸妈手机的吗,null,5-28 13:47,"2
",0,0.283393,0.322473,0.677527
张儒诚,从刺激战场的翻车经验来看，脑子有毛病的，不是专业人员，也不是监管部门，更不是玩家，真的是天天嚷嚷着教坏小孩那帮家长......,null,5-28 18:53,"4
",1,0.925012,0.496251,0.503749
幻云神隐,怎么防沉迷呢？俩小时自动下线？然后换个号继续？,null,5-28 15:21,"3
",0,0.503435,0.223454,0.776546
宇宙粉红泡泡_JT,真他妈闲的无聊有病吧,null,5-28 14:38,"4
",0,0.423811,0.259285,0.740715
Yang_似雨轻追,前提家长自己能离开手机，离开网络，能以身作则吗？相信应该很多人都会回答不可能吧,null,5-28 18:23,"3
",0,0.414083,0.263663,0.736337
你你我我他他你我,能实名制分级么 成年人也需要空间啊,null,5-28 16:29,"2
",2,0.336228,0.701302,0.298698
大头小张zhang,难搞哦,null,5-28 14:23,"2
",1,0.194969,0.459748,0.540251
花花稳单,支持，小孩子自制力比较差,null,5-28 14:16,"2
",0,0.381312,0.27841,0.72159
无10226,支持，虽然不可能完全管着，但肯定会有一定的作用，有例外是肯定的，所以不用说那些特例了，就向做的事会犯法如果没有这个法律，做犯法的人就会更多社会会更乱，没有什么是无缘无故的决定，现在的小孩都更早的解除网络，不愿意出去走走身体素质都会一代比一代差。,null,5-28 20:23,"2
",0,0.513808,0.218786,0.781214
我是校花美女,就是,null,5-28 14:24,"
",2,0.14901,0.617055,0.382945
花几万,快手直接查封,null,5-28 14:10,"4
",1,0.563569,0.478178,0.521822
嘉伦有情吾有意,微博,null,5-28 13:49,"2
",1,0.232741,0.538363,0.461637
裴言这个名字怎么可以这么好听,儿童节最好的礼物,null,5-28 13:48,"3
",1,0.219341,0.539033,0.460967
惠慕李,我杀我自己,null,5-28 13:46,"2
",1,0.669924,0.516504,0.483496
九十亿的德罗森,能强制让那些小视频应用出个“憨批模式”，在公共场合外放五分钟自动关闭吗？,null,5-29 10:17,"2
",0,0.71872,0.126576,0.873424
歌乐行者,国家网信办：网络视频平台全面推行“青少年防沉迷系统”,null,5-28 15:31,"1
",2,0.0107869,0.554854,0.445146
心随运而安,跪求微博实名制，让黑营销号消失吧,null,5-28 14:13,"2
",0,0.439839,0.252072,0.747928
风林雨lucky,百度呢？,null,5-28 13:49,"2
",1,0.821473,0.508926,0.491074
鸡蛋一石头,可以有,null,5-28 13:47,"1
",2,0.49608,0.773236,0.226764
Kevin随风,上不上的没用，作业太多，没时间看,null,5-28 13:47,"2
",0,0.348982,0.292958,0.707042
胡家菇娘Ge,确实是需要这样的系统，但青少年还是需要了解实时的，关注民生,null,5-28 13:47,"1
",2,0.0321694,0.564476,0.435524
没人要的小矮子,分级,null,5-28 13:46,"1
",1,0.374728,0.531264,0.468736
梦和糖果,这啥？,null,5-28 13:46,"2
",0,0.363176,0.286571,0.713429
Elliot_Zh,不应该内容分级？脑残低智商的综艺 电视节目不让小孩看？,null,5-29 09:07,"1
",0,0.936268,0.0286793,0.971321
幸许是这样,忽略更新,null,5-28 21:51,"1
",1,0.489614,0.525519,0.474481
世界第一日漫痴,建议把bilibili禁了，教坏青少年,共6条回复,5-28 19:34,"1
",0,0.216702,0.352484,0.647516
郑屹,b站看剧也要啊？,null,5-28 16:48,"1
",0,0.186672,0.365998,0.634002
想要一只狮子座,怎么没有QQ,null,5-28 16:44,"2
",0,0.364174,0.286122,0.713878
雨喁喁鸭,我还有半年就不受控制了真好（趁这几天好好玩，留给你们的时间不多了）,null,5-28 16:14,"1
",2,0.859357,0.936711,0.0632893
张丶小张丶,色普瑞斯！六一儿童节礼物，小孩看到肯定开心的不行！哈哈哈哈哈哈哈哈哈哈或,null,5-28 14:40,"1
",2,0.954539,0.979542,0.0204577
邓向Dansher,恕我直言，我只有微博，腾讯，爱奇艺,null,5-28 14:04,"2
",1,0.452806,0.47264,0.52736
江户川晴明,以下为博主精选评论,null,5-28 14:03,"2
",1,0.343631,0.532818,0.467182
拾柒Komorebi,还好没有我的知乎小红书网易云,null,5-28 13:51,"1
",0,0.436024,0.253789,0.746211
闪闪惹人爱mxs,确定能防？？？,null,5-28 13:49,"1
",0,0.551525,0.201813,0.798186
-今天dys出团综了吗080,,null,5-28 13:49,"1
"
六爷97338,微博的买热搜,null,5-28 13:48,"1
",2,0.135804,0.611112,0.388888
Protect_env,建议微博娱乐圈新闻和实时新闻分版块,null,5-28 13:48,"1
",1,0.267547,0.463377,0.536623
晓_派大星,快手直接禁了吧，毒害国人,null,5-28 13:48,"1
",1,0.387316,0.530634,0.469366
梦忆晨夕2015,只玩微博,null,5-28 13:48,"1
",1,0.0807178,0.545964,0.454036
刘秋橘,这个没啥用,null,5-28 13:48,"2
",0,0.301108,0.314501,0.685499
葡萄糖转移酶,你会发现多了很多五几年六几年的老年号，看着只有年轻人经常看的视频,null,5-28 13:47,"1
",2,0.384718,0.723123,0.276877
霉茜,六一礼物:青少年防沉迷系统,null,5-28 13:47,"1
",2,0.422985,0.740343,0.259657
四六级女孩,还是会用爸爸妈妈的手机玩 没啥用感觉,null,5-28 13:46,"1
",1,0.872886,0.506356,0.493644
独孤波啦啦,6.1儿童节来这个,null,5-28 17:54,"
",2,0.0528137,0.573766,0.426234
景裕怜,我用微博看的这条消息,null,5-28 16:37,"1
",2,0.0432169,0.569448,0.430552
甜麼,bilibili快点实行分级制度吧 我不想看阉割版的日漫了,null,5-28 15:09,"2
",0,0.490361,0.229338,0.770662
Remilia______,家长不管全靠平台 出事还怪平台,null,5-28 15:08,"1
",0,0.212687,0.354291,0.645709
Cool儿_vv,划重点：青少年防沉迷系统需要依靠用户自主选择才能发挥作用。自己选择防沉迷可还行？,null,5-28 14:01,"
",0,0.155839,0.379872,0.620128
招主播的山鸡哥QAQ,有啥用？我弟几年前就记他住爸身份证号了，倒背如流,null,5-29 12:39,"
",0,0.135627,0.388968,0.611032
小梦在大连,也有微博,null,5-28 23:38,"
",2,0.110341,0.599654,0.400346
摇曳风铃·倩児,微博为什么不在名单？后台这么强大？,null,5-28 23:36,"
",0,0.62978,0.166599,0.833401
自闭的魏,专属内容池？我寻思现在不是9012年了吗,null,5-28 21:09,"
",0,0.629613,0.166674,0.833326
希莉雅的虚幻世界,有些营销号头像也是一言难尽,null,5-28 20:04,"1
",0,0.251787,0.336696,0.663304
MinMIN___,举手赞成管管微博吧,null,5-28 19:54,"
",0,0.242075,0.341066,0.658934
密粒格粒螺,微博还整理了,null,5-28 19:47,"
",1,0.991502,0.499575,0.500425
她的隆猫,微博好多买片,null,5-28 18:36,"
",2,0.19443,0.637494,0.362506
一只小飞侠耶,这种管了也没用，还是可以拿家长手机，还是看孩子自己到底上不上瘾,null,5-28 18:22,"
",0,0.752546,0.111354,0.888646
芒果娱乐影视,微博呢,null,5-28 17:48,"
",2,0.151844,0.61833,0.38167
说谎的人要喝一万瓶巴婊莉香水,真是一份大礼,null,5-28 16:53,"
",1,0.530365,0.476518,0.523482
大亦z,耶 我成年了,null,5-28 16:39,"
",2,0.063229,0.578453,0.421547
pandyee,管管微博吧,null,5-28 15:49,"
",0,0.251478,0.336835,0.663165
L_keeee,bilibili干杯🍻,null,5-28 15:31,"
",1,0.207535,0.539623,0.460377
kwenchangnayo,像我这种老年人沉迷网络的怎么办，也想请求帮助,null,5-28 15:18,"
",0,0.127295,0.392717,0.607283
怪到积德,@whocallme呀,null,5-28 15:12,"
",2,0.0470916,0.571191,0.428809
Chang_Zhang,还好我成年了,null,5-28 15:09,"
",1,0.523795,0.47619,0.52381
無計多舛,转发微博,null,5-28 14:57,"
",1,0.713022,0.514349,0.485651
护肤-辰妈,这一项好,null,5-28 14:53,"
",2,0.429949,0.743477,0.256523
__jllove__,微博热门就该管管！乱七八糟的东西,null,5-28 14:41,"
",0,0.50452,0.222966,0.777034
凡事慢慢来,快手该管管了，都是些什么信息。,null,5-28 14:34,"
",0,0.627373,0.167682,0.832318
你的可乐宝贝,,null,5-28 14:29,"
"
红与黑的碰撞Conan,幸好我已经是成年人了,null,5-28 14:29,"
",1,0.0457227,0.452286,0.547714
姜铭JM7,为啥看电视的APP也要搞,null,5-28 14:25,"
",0,0.0771312,0.415291,0.584709
姜铭JM7,微博青少年模式？我？,null,5-28 14:25,"1
",0,0.386469,0.276089,0.723911
N滴小姐姐,各部门请注意～小学生要放假了,null,5-28 14:24,"
",1,0.117722,0.455886,0.544114
一个文艺婊的碎碎念,希望开个防青年沉迷系统吧我需要被制约,null,5-28 14:24,"
",0,0.0291357,0.436889,0.563111
OhhhhhBoy,微博……,null,5-28 14:24,"
",0,0.112746,0.399264,0.600736
你什么时候跟我回家,救救吧,null,5-28 14:23,"
",1,0.0592816,0.452964,0.547036
小财迷就是me,恩支持,null,5-28 14:23,"
",2,0.633632,0.835134,0.164866
蕾佳娜嗷,那我看电视剧电影番剧怎么办？几个小时的电影看到一半强制下线？,null,5-28 14:20,"
",0,0.314273,0.308577,0.691423
泽鄞,操碎了心,null,5-28 14:19,"1
",0,0.325242,0.303641,0.696359
放下我的叽小萌,有几个大人知道小孩在玩啥，不都是背着玩的么,null,5-28 14:16,"
",2,0.038589,0.567365,0.432635
超甜小野马-,微博也管一下吧,null,5-28 14:16,"
",1,0.619944,0.519003,0.480997
竹竹子君,家长多管管吧 关APP什么事情,null,5-28 14:14,"1
",0,0.586402,0.186119,0.813881
小猫跑掉了-,支持,null,5-28 14:07,"
",2,0.589711,0.81537,0.18463
萌萌的月芽子,2-6-7-8我有下载，其他没有,null,5-28 14:07,"
",1,0.161933,0.458097,0.541903
Kasey_0219,非常有必要,null,5-28 14:07,"1
",2,0.221036,0.649466,0.350534
FAIRYLAND_TienJSY,微博乱推的黄色漫画 我一个成年人看到都觉得很烦很暴躁很低俗 喊了这么久 爸爸啥时候能给管一管？,null,5-28 14:05,"
",0,0.641154,0.161481,0.838519
SYC妳曾是少年,小孩子就不应该玩手机!,null,5-28 14:01,"
",0,0.228741,0.347067,0.652933
ww_wmy,大人防沉迷有嘛？,null,5-28 13:59,"
",1,0.49479,0.525261,0.47474
安承,市场经济下，这种方式治标不治本，上有政策下有对策，只是响应一下而已，过几天该怎么样还是怎么样,共1条回复,5-28 13:58,"
",0,0.231976,0.345611,0.654389
孙大桃儿,支持一下,null,5-28 13:57,"
",2,0.41518,0.736831,0.263169
老王爷333,早该管了天天熬夜看快手管都管不住孩子,null,5-28 13:57,"1
",0,0.051327,0.426903,0.573097
KeplerrrXXN_,？？？,null,5-28 13:57,"
",0,0.431983,0.255608,0.744392
Fionaismiier,微博整天推送yhsq的微博小说和所谓摄影博主可不少,null,5-28 13:56,"
",0,0.0602541,0.422886,0.577114
吃素的小海鲸,宣传推广是必要的，其次是家长和孩子们本身了～,null,5-28 13:56,"
",0,0.00904812,0.445928,0.554072
谢小虫_,短视频真的成瘾性太大了 游戏还需要操作 而这个完全不用点,null,5-28 13:56,"
",0,0.392801,0.27324,0.72676
一叶翩ZZ,zha 浪也该管管了,null,5-28 13:56,"
",0,0.315283,0.308123,0.691877
勺勺嗷,哈哈哈哈哈哈哈哈还好还好我早成年了,null,5-28 13:55,"
",2,0.835597,0.926019,0.0739814
梵莲生,全网整治最好，还网络一片净土🙏,null,5-28 13:54,"
",2,0.40963,0.734334,0.265666
专业偷井盖值得信赖,啥时候给这群孩子更新个分级制度就更好了。,null,5-28 13:54,"
",1,0.502986,0.475149,0.524851
无糖奶瓶,微博也该管管了,null,5-28 13:53,"
",0,0.233666,0.34485,0.65515
奈良樱花树下的鹿,救救游戏，多管管孩子吧。,null,5-28 13:53,"
",1,0.261744,0.463087,0.536913
种片桃林喂奶狮,采取了措施总会好一点。希望未成年呆的网络环境可以好点。,null,5-28 13:52,"
",2,0.587236,0.814256,0.185744
究竟是谁盗了谁的号,小孩也玩微博吗,null,5-28 13:52,"
",0,0.19535,0.362092,0.637908
流霞瑶觞椒花雨,都是治标不治本，直接把孩子全部隔离就全解决了,null,5-28 13:51,"
",0,0.162011,0.377095,0.622905
森林益母草,希望可以进一步加强网络平台监管🤗,null,5-28 13:51,"
",2,0.346057,0.705726,0.294274
一梦玲珑醉熙月,,null,5-28 13:51,"
"
soneration_,你们在微博上吐槽微博,null,5-28 13:51,"
",0,0.428776,0.257051,0.742949
娱乐C位,成年了,null,5-28 13:51,"1
",1,0.824402,0.49122,0.50878
39号牧羊人,……,null,5-28 13:51,"
",0,0.11372,0.398826,0.601174
冤枉娱乐,管管微博吧,null,5-28 13:50,"
",0,0.251478,0.336835,0.663165
WengShiyuan_,真的是好的儿童节礼物呢,null,5-28 13:50,"1
",2,0.532923,0.789815,0.210185
米线真好吃,干脆分级吧,null,5-28 13:49,"
",0,0.153135,0.381089,0.618911
云风起,祝大家六一快乐,null,5-28 13:49,"
",2,0.175094,0.628792,0.371208
丨蔡小葵丨妈妈-cici_,微博呢,null,5-28 13:49,"
",2,0.151844,0.61833,0.38167
PG絮,这算六一礼物吗,null,5-28 13:48,"
",1,0.70386,0.514807,0.485193
那些年一起乐,为什么封bilibili,null,5-28 13:48,"
",0,0.151125,0.381994,0.618006
山西大醋王,还好我成年了,null,5-28 13:48,"
",1,0.523795,0.47619,0.52381
不过普本线不改名,不是……我还有一年呢……,null,5-28 13:47,"
",0,0.541441,0.206352,0.793648
降E夜曲,没啥用还是培养孩子自控力更重要点,null,5-28 13:47,"
",0,0.465516,0.240518,0.759482
张浩hhhh,大家都去YouTube了,null,5-28 13:47,"
",0,0.0593889,0.423275,0.576725
六安事儿,,null,5-28 13:47,"1
"
龙哥的睫毛长又长,我成年了，我也需要防沉迷太可怕了，坐这儿刷了两个小时微博了,null,5-28 13:47,"
",0,0.593014,0.183144,0.816856
重在参与可好,管管微博吧,null,5-28 13:47,"
",0,0.251478,0.336835,0.663165
浮笙梦箜,谁会自己同意，怎么判断,null,5-28 13:47,"
",0,0.49522,0.227151,0.772849
real_lry,？,null,5-28 13:47,"
",0,0.13694,0.388377,0.611623
沅芷_,？这都有防沉迷,共4条回复,5-28 13:46,"
",2,0.0145506,0.556548,0.443452
一粒土,该管,null,5-28 13:46,"
",0,0.1472,0.38376,0.61624
林季棠啊,。。。。,null,5-28 13:46,"
",1,0.728272,0.486414,0.513586
本人天蝎座的小熊,说句实在的话，这样就能保证未满十八上不了吗，不应该加大力度管一管信息倒卖？,null,5-28 19:08,"1
",0,0.934341,0.0295468,0.970453
v琦琦v,这期视频工具的锅吗？？？这难道不是用视频工具的人的问题吗,null,5-28 16:39,"1
",0,0.860583,0.0627376,0.937262
Cc花糖心,为什么弹幕没了？？？？,null,6-4 07:07,"
",0,0.670974,0.148062,0.851938
科末九,真的好烦啊……麻烦尽快落实分级吧好吗？ 我国未成年人受众还能比成年人多了？就没人管管成年人的感受吗……某些低龄化的视频平台那言论都没眼看 结果光一个劲限制成年人了,null,6-3 03:23,"1
",0,0.388106,0.275352,0.724648
乖乖的豆豆丫,今天就没有弹幕了看得我好难受,null,6-1 14:34,"
",2,0.0398453,0.56793,0.43207
济南信息工程学校,转发微博,null,5-30 05:05,"
",1,0.713022,0.514349,0.485651
KOOREBIO,把b站弹幕都吓没了,null,5-29 23:44,"
",1,0.617,0.51915,0.48085
刘笙刘,治标不治本,null,5-29 22:50,"
",1,0.260348,0.536983,0.463017
是个橘色桔子呀,我喜欢b站。学了很多知识,null,5-29 16:03,"
",2,0.762542,0.893144,0.106856
夹克夹克我是衬衫,儿童节最好的礼物,null,5-29 13:25,"
",1,0.219341,0.539033,0.460967
MrChenFuH,某手太多低俗视频，建议整治,null,5-29 13:01,"
",0,0.311051,0.310027,0.689973
这个网名有8个字,早就该这样，现在各种视频软件扭曲的价值观对青少年的精神危害已经慢慢体现出来了,null,5-29 08:32,"
",1,0.439772,0.471989,0.528011
飞龙在天宇宙,该管管了！年纪轻轻，多学点技术,null,5-29 08:32,"
",0,0.180164,0.368926,0.631074
有福人爱文玩,上边这些都该管管了,null,5-29 08:12,"
",0,0.300944,0.314575,0.685425
Yunlong329,各大银行信用卡分期电话每月打个不停，只要一有消费账单出来就给你打电话办分期费用还那么高，你不说要去银监会投诉，银行就一直每月打分期骚扰电话！,null,5-29 08:09,"
",0,0.946632,0.0240158,0.975984
良可33,自己孩子不好好管 要我们成年人跟着受罪 管不住就别生,null,5-29 02:00,"
",0,0.11505,0.398228,0.601773
someday_in_the_rain,Bilibili是短视频平台吗,null,5-29 01:54,"
",0,0.252888,0.3362,0.6638
沧海一笑zzZ,应该隔一个时间段做一次考核，价值观扭曲的禁止进入,null,5-29 01:06,"
",1,0.775629,0.511219,0.488781
沧海一笑zzZ,应该好好做一个仿低俗系统，,null,5-29 01:02,"
",1,0.371129,0.531444,0.468556
August露露噜噜噜,把带节奏的管管就好了,null,5-29 00:20,"
",0,0.0178499,0.441968,0.558032
oOsdgluOo,要上个老年人模式 我爸天天看手机入迷了 简直是网瘾来人,null,5-29 00:02,"
",0,0.0247137,0.438879,0.561121
ExileYan,为什么没有腾讯视频,null,5-28 23:51,"
",0,0.386875,0.275906,0.724094
得瑟菜菜,做传销的都在快手里拉人，给主播礼物，让主播帮他们宣传,null,5-28 23:25,"
",2,0.235062,0.655778,0.344222
易初ZD,这个可以,null,5-28 23:24,"
",2,0.320286,0.694129,0.305871
疯狂的哥88,希望国家对这些平台加征企业所得税，对这些平台的员工加征个人所得税。这就是最好的导向。,null,5-28 23:04,"
",2,0.570961,0.806933,0.193067
嘟嘟低八度,能不能给成年人弄个成年人模式，每次都眨眨眼登录那种,null,5-28 22:45,"
",2,0.313506,0.691078,0.308922
形容秘密472,小说网站也禁一禁吧,null,5-28 22:43,"
",2,0.203834,0.641725,0.358275
小琛琛吃不胖,还好我成年了,null,5-28 22:41,"
",1,0.523795,0.47619,0.52381
唯一的星星571,怎么操作呢，好好奇,null,5-28 22:03,"
",2,0.257708,0.665969,0.334031
Mooncake猪波小二仁,,null,5-28 22:01,"
"
QQ六十三,谁还不是个宝宝(づ￣ ³￣)づ,null,5-28 22:00,"
",0,0.373918,0.281737,0.718263
凭高无限意,太棒了👏支持,null,5-28 21:48,"
",2,0.704864,0.867189,0.132811
小兔粽,腾讯系列必须拥有姓名,null,5-28 21:44,"
",2,0.55073,0.797828,0.202172
宇花笑,腾讯呢？,null,5-28 21:43,"
",0,0.0299319,0.436531,0.563469
与灰夫人喝杯茶,管管孩子，救救网站,null,5-28 21:41,"
",0,0.158772,0.378553,0.621447
北向35,为什么现在我的思维有些不靠谱呢？为什么在看到这条新闻不是想起这个系统能起到多大的作用，而是潜意识的想到哪个狗屎运又发财了。唉，我思想不对,null,5-28 21:40,"
",0,0.385652,0.276456,0.723544
------谁,研发一款学生手机,null,5-28 21:38,"
",2,0.0606032,0.577271,0.422729
-紫叶李-,好,null,5-28 21:28,"
",2,0.439958,0.747981,0.252019
小黑最黑,不喜欢快手,null,5-28 20:38,"
",0,0.424953,0.258771,0.741229
圆圆圆四白,强制性实名制,null,5-28 20:20,"
",1,0.649656,0.517517,0.482483
野蛮的疯犬,青少年防沉迷，不是未成年人防沉迷，我寻思着包括青年,null,5-28 20:08,"
",0,0.350514,0.292269,0.707731
水xinling,,null,5-28 19:34,"
"
Neko一li,啥时候能分级啊,null,5-28 18:39,"
",1,0.934446,0.496722,0.503278
烧圣经煮咖啡,未满十八岁禁止上网！,null,5-28 18:36,"
",2,0.0542674,0.57442,0.42558
Miya落米盐,既然有未成年人模式，那能不能开一个成年模式,null,5-28 18:31,"
",0,0.543697,0.205337,0.794663
范范范范h,管管微博＋1，那些营销号带节奏真的是好烦，还有那些乱七八糟的热搜，真的是服了,null,5-28 18:31,"
",0,0.77409,0.101659,0.898341
月光少女野骑君,成年人也需要啊,null,5-28 18:07,"
",2,0.355156,0.70982,0.29018
Zh_AN16221,成人防沉迷系统也需要有，那种坐在一边玩游戏不带娃的男的,null,5-28 17:58,"
",2,0.462871,0.758292,0.241708
Zho憨,幸好我成年了,null,5-28 17:32,"
",0,0.159462,0.378242,0.621758
让我再长五厘米,应该的,null,5-28 17:28,"
",2,0.0647569,0.579141,0.420859
你真不是东西,快手在我们村儿特别火，我家左右邻居都在天天看,null,5-28 17:19,"
",2,0.56044,0.802198,0.197802
霁纾,这个六一礼物，有点意思,null,5-28 17:15,"
",2,0.421371,0.739617,0.260383
小李梦明,支持,null,5-28 17:10,"
",2,0.589711,0.81537,0.18463
武侯应急,国家网信办：网络视频平台全面推行“青少年防沉迷系统”,null,5-28 17:07,"
",2,0.0107869,0.554854,0.445146
郑屹,pornhub可以开放使用吗,null,5-28 16:49,"
",2,0.209619,0.644328,0.355672
本命是个鬼阿,咋没有腾讯的东西呢‘’,null,5-28 16:43,"
",0,0.596234,0.181695,0.818305
超新星型小小丶笙,麻烦也给成年人留够空间,null,5-28 16:43,"
",2,0.655934,0.84517,0.15483
汤臣-Tommy,央视什么时候上线防沉迷系统？孩子顾着看新闻联播成绩都下降了,null,5-28 16:33,"
",1,0.572635,0.521368,0.478632
夜幕下的光亮,分级吗，我成年了,null,5-28 16:30,"
",0,0.232127,0.345543,0.654457
成都献血,#实时快讯# 【国家网信办：网络视频平台全面推行“青少年防沉迷系统”】,null,5-28 16:29,"
",2,0.487639,0.769438,0.230562
瓇公子,大人也需要防沉迷,null,5-28 16:26,"
",2,0.333401,0.70003,0.29997
平安禹州,国家网信办：网络视频平台全面推行“青少年防沉迷系统”,null,5-28 16:25,"
",2,0.0107869,0.554854,0.445146
·QQ糖,,null,5-28 16:21,"
"
Lilycat喵喵喵,@VamORanGe 儿童节礼物,null,5-28 16:19,"
",2,0.201189,0.640535,0.359465
翟丫丫吖,啥时候管管微博的广告推送啊，整天推一堆让人浮想联翩的广告,null,5-28 16:18,"
",0,0.589741,0.184617,0.815383
鑫S同学,幸亏我提前成年了,null,5-28 16:18,"
",1,0.930973,0.503451,0.496549
文明龙亭工商,转发微博,null,5-28 16:09,"
",1,0.713022,0.514349,0.485651
花样年华70135,微博管一下吧，太恶臭了,null,5-28 16:06,"
",0,0.583735,0.18732,0.812681
一路凯歌-z,早应该管治了,null,5-28 16:06,"
",1,0.851165,0.492558,0.507442
黎荊涯,支持,null,5-28 16:01,"
",2,0.589711,0.81537,0.18463
Cross-whole-the-world,怎么辨别用户是未成年人？手机号都是父母的呀,null,5-28 15:59,"
",0,0.211359,0.354889,0.645111
子衿鹿鸣食野之苹,最好的儿童节礼物,null,5-28 15:59,"
",2,0.735341,0.880904,0.119096
炮膛内的子弹,最好的儿童节礼物,null,5-28 15:56,"
",2,0.735341,0.880904,0.119096
厚豆_,都是用家长的号😄,null,5-28 15:53,"
",2,0.0727652,0.582744,0.417256
馨馨的男盆友,啥时候能把微博营销号管管呢？,null,5-28 15:45,"
",0,0.600983,0.179558,0.820442
岛田三子,那在B站上刷网课怎么办,null,5-28 15:45,"
",0,0.235741,0.343917,0.656083
金小汶m,玩这些钱来的快 导致现在很多小朋友都学这个 更别说出去工作了 做什么也没有这个钱来的快,null,5-28 15:36,"
",2,0.171906,0.627357,0.372642
趙彦-lee,爷爷奶奶号一样用,null,5-28 15:35,"
",2,0.0932776,0.591975,0.408025
-多雾路段,还好18岁了,null,5-28 15:24,"
",0,0.00465406,0.447906,0.552094
-知世就是力量,微博？？,null,5-28 15:23,"
",0,0.36029,0.28787,0.71213
骑驴东去橘子洲,小孩子要真想玩 你的那个系统起什么屁作用,null,5-28 15:22,"
",0,0.343,0.29565,0.70435
T灵隐雪T,管管孩子。救救大人,null,5-28 15:21,"
",1,0.930943,0.496547,0.503453
倩薇姐姐不吃素,所以分级制度什么时候来,null,5-28 15:20,"
",2,0.0127733,0.555748,0.444252
于我z,赶紧把快手治治了，电商买假东西的太多了,null,5-28 15:18,"
",0,0.56919,0.193865,0.806135
9102好想有猫,青年也需要防沉迷,null,5-28 15:15,"
",2,0.168711,0.62592,0.37408
孤鸟独帆,关于两个杆子的问题,null,5-28 15:11,"
",1,0.242073,0.537896,0.462104
我爱青岛77,成年人更应该防,null,5-28 15:11,"
",2,0.0580972,0.576144,0.423856
Isolationi,不许动我的bilibili,null,5-28 15:10,"
",2,0.134601,0.61057,0.38943
迪爱护牙齿,除了青少年，应该防沉迷的人大把,null,5-28 15:07,"
",0,0.317376,0.307181,0.692819
汪颖wyyy,👻,null,5-28 15:04,"
"
倬沂,本来想吐槽坑爹，但是突然惊醒，我好像已经成年了！？？？ what？？？,null,5-28 15:02,"
",0,0.978545,0.00965475,0.990345
沙坪坝微政务,国家网信办：网络视频平台全面推行“青少年防沉迷系统”,null,5-28 15:01,"
",2,0.0107869,0.554854,0.445146
小猫不是猫2,我觉得我这个成年人也需要一下防沉迷系统,null,5-28 15:00,"
",2,0.144655,0.615095,0.384905
努力爱笑的眼睛,造谣诬陷的没有底线的营销号呢这些可更该禁呢,null,5-28 14:59,"
",0,0.160813,0.377634,0.622366
-轻禾-,还好我已经成年了,null,5-28 14:56,"
",1,0.988865,0.499443,0.500557
护莲使者x,啥时候吧把微博的那些鸡鸭鹅兔清清就好了,null,5-28 14:56,"
",1,0.930894,0.496545,0.503455
ZHANGXIANG_0129,那个选择进不进入青少年模式有个毛用，谁会去点进入啊,null,5-28 14:52,"
",0,0.472724,0.237274,0.762726
荷香红糖糕,直觉一咯噔 结果发现自己已经二十岁了,null,5-28 14:52,"
",0,0.40372,0.268326,0.731674
tiramisu的幻想,请从微博做起吼,null,5-28 14:49,"
",1,0.570295,0.521485,0.478515
呼阿呼阿软煎蛋,还好，我成年了,null,5-28 14:49,"
",1,0.831479,0.491574,0.508426
CC隔壁的戏子,都是治标不治本的措施，遮盖住了就相当于没有了嘛，掩耳盗铃。就跟烟盒上面写着吸烟有害健康一样。教育才是根本，不管是通识教育还是性教育，应该从小灌输教育而不是一味地跟瘟疫一样遮盖,null,5-28 14:48,"
",0,0.153178,0.38107,0.61893
百樓村的帥小伙,还有yy,null,5-28 14:48,"
",2,0.0721653,0.582474,0.417526
大头老表,认证要传身份证照，我对平台的隐私安全不信任，所以吗……,null,5-28 14:48,"
",1,0.805891,0.490295,0.509705
Jerryvjr,新浪微博也管管！,null,5-28 14:46,"
",1,0.944602,0.50277,0.49723
珊杉shava,家长也要管控住啊！,null,5-28 14:43,"
",1,0.5906,0.47953,0.52047
金明洙的小老婆,还好我长得够快,null,5-28 14:43,"
",2,0.420229,0.739103,0.260897
俟河水清,在，搞个分级啊,null,5-28 14:43,"
",0,0.0300931,0.436458,0.563542
布鲁斯HLee,六一节给孩子们的惊喜,null,5-28 14:40,"
",2,0.656235,0.845306,0.154694
棣棣的大baby_,没有腾讯视频只有微视？,null,5-28 14:40,"
",0,0.66236,0.151938,0.848062
云靖风清,首先从微博 百度开始 我想看啥 我自己搜 不小心点进去一个微博 下次会出现好多同类型的微博 怎么屏蔽都不行,null,5-28 14:39,"
",1,0.121804,0.45609,0.54391
小董董泽,好消息,null,5-28 14:38,"
",2,0.0339388,0.565272,0.434728
达达达达达同学,@AcFun弹幕视频网 所以说AC娘没有上榜？,null,5-28 14:38,"
",0,0.405064,0.267721,0.732279
二溜咂,信你个鬼,null,5-28 14:38,"
",0,0.118075,0.396866,0.603134
凝语hh,把微博首页推荐一堆乱七八糟的广告取消就可以了,null,5-28 14:37,"
",0,0.567993,0.194403,0.805597
瑶小瑶yu,微博也要管管了,null,5-28 14:37,"
",0,0.111672,0.399748,0.600253
bia唧LILY,九个app我就占领了四个,null,5-28 14:37,"
",2,0.0967444,0.593535,0.406465
给nee我的小心心,现在家长都牛逼，自己不管自己娃，全甩给社会和网站帮忙管。,null,5-28 14:34,"
",1,0.898293,0.494915,0.505085
毛涛涛涛涛涛Queen,我这个成年人也需要来个什么模式限制一下，刷起小视频来就收不住了,null,5-28 14:32,"
",1,0.251154,0.537442,0.462558
梅花单,救救微博这恶劣的环境吧,null,5-28 14:32,"
",0,0.819698,0.0811361,0.918864
Pluto-Pro,我把所有提微博的赞了一遍,null,5-28 14:30,"
",2,0.763208,0.893443,0.106557
双涵妈,还是得平常多管教孩子,null,5-28 14:29,"
",1,0.291043,0.464552,0.535448
陕西政务新媒体学院,【国家网信办：网络视频平台全面推行“青少年防沉迷系统”】,null,5-28 14:29,"1
",2,0.0368537,0.566584,0.433416
健康青白江,国家网信办：网络视频平台全面推行“青少年防沉迷系统”//@健康成都官微: 【国家网信办：网络视频平台全面推行“青少年防沉迷系统”】,null,5-28 14:29,"1
",2,0.530832,0.788874,0.211126
梦里有你唉,我觉得我也需要,null,5-28 14:28,"
",2,0.0156748,0.557054,0.442946
容許旳驕傲,我是爱奇艺 微博和优酷的忠实粉丝～～～,null,5-28 14:27,"
",2,0.607738,0.823482,0.176518
你的假笑男孩-,儿童节礼物，六一快乐啊,null,5-28 14:26,"
",2,0.598456,0.819305,0.180695
Matriix_,漂亮！,null,5-28 14:26,"1
",2,0.808158,0.913671,0.0863287
lxsO_O,真棒！,null,5-28 14:26,"1
",2,0.415879,0.737145,0.262855
剑侠0o情o0,希望直播平台也出防沉迷系统,null,5-28 14:24,"1
",2,0.230756,0.65384,0.34616
细辛茯苓防风,乱七八糟的那么些游戏，该搞一下，成天往死里耍,null,5-28 14:24,"
",0,0.611856,0.174665,0.825335
海洋靖运,,null,5-28 14:24,"1
"
桦叶子酱,太棒啦,null,5-28 14:23,"1
",2,0.453886,0.754249,0.245751
小邢小窝,转发微博,null,5-28 14:22,"1
",1,0.713022,0.514349,0.485651
内库么得川,限制时间？,null,5-28 14:19,"
",0,0.192977,0.36316,0.63684
吃土星人菲菲菲,赶紧推行分级制度吧，感觉自己变成了小学生了都,null,5-28 14:19,"
",0,0.25577,0.334903,0.665097
学习使我快乐cmy,幸好我成年了,null,5-28 14:19,"
",0,0.159462,0.378242,0.621758
哼哈318,中年防沉迷系统什么时候上线？,null,5-28 14:19,"
",0,0.207031,0.356836,0.643164
擎苍的WooHoo,疑车无据,null,6-3 17:10,"
",2,0.041095,0.568493,0.431507
俄克阿诺斯的喀斯塔,不搞点适当的分级合适吗？,null,6-3 13:24,"
",0,0.0932026,0.408059,0.591941
安希芮,B站改到我要气疯了,null,6-2 23:12,"
",0,0.692088,0.138561,0.861439
安希芮,咋就这么多事呢 是不是太闲了,null,6-2 23:12,"
",0,0.762768,0.106754,0.893246
Momenttttt_,管管孩子，救救网站吧，中国除了未成年，还有成年人要看电视剧看动画片的好吗,null,6-1 21:34,"
",0,0.136969,0.388364,0.611636
禅·Zen,没有弹幕的哔哩哔哩不是B站！！！！,null,6-1 19:55,"
",0,0.369015,0.283943,0.716057
吃饺子要沾老陈醋,别说了，哔哩哔哩喷子太多了,null,6-1 12:39,"
",2,0.144728,0.615128,0.384872
失踪人口冥王,人脸识别？？？,null,6-1 01:19,"
",0,0.52802,0.212391,0.787609
幻夜冥炎,b站短视频平台？,null,5-31 10:09,"
",0,0.401221,0.269451,0.730549
渡鸦12345头号信徒,防沉迷注册还不如来个人脸在线验证防沉迷，非身份证持有人直接下线,null,5-31 08:00,"
",0,0.796817,0.0914323,0.908568
鹰之炫灵夕,与其做这种表面工作，不如花时间好好从小教会小孩子如何正确对待诱惑。你设了总有人会解开啊,null,5-31 07:37,"
",2,0.0507381,0.572832,0.427168
土豆不成丝,希望把这个系统以后不只是防沉迷，以后分纯净版和正常版，能够把纯净版留给青少年，让我们成年人看点有深度的吧…,null,5-30 13:59,"
",0,0.447528,0.248613,0.751387
切丝特钝,小孩子就不该接触电子产品，家长为了哄孩子拿给他们看，这都是极不负责的做法,null,5-30 11:51,"
",0,0.872561,0.0573477,0.942652
云间漫步远尘嚣,闲的，我家孩子愿意沉迷咋地啦,null,5-29 08:30,"
",2,0.00424253,0.551909,0.448091
陈尼玛463,呵呵,null,5-29 07:04,"
",2,0.389173,0.725128,0.274872
校草咯,一刀切就完事了。 ，完全看不出视频长短和沉迷与否有什么关联。 想呵护建议多普及教育和未成年性教育。,null,5-29 00:28,"
",0,0.442796,0.250742,0.749258
声泊秦淮,,null,5-29 00:09,"
"
教资达人,你怎么看呢#视频平台青少年防沉迷系统#,null,5-28 23:35,"
",2,0.0903144,0.590641,0.409359
_想做你的月亮,人间不值得哦,null,5-28 23:30,"1
",0,0.342861,0.295713,0.704287
小鸟露比厨,这帮睿智家长什么时候死绝就不会有这种睿智政策了嗷,null,5-28 22:42,"
",0,0.472874,0.237207,0.762793
洛稚长安,@小韩今天瘦了嘛,null,5-28 22:02,"
",1,0.31989,0.534006,0.465995
怎奈何时光不等人,那我小学生冲了会员是不是就可以沉迷了,null,5-28 21:08,"
",0,0.109883,0.400553,0.599447
夏之纳西,@南韩柾国小朋友的官宣,null,5-28 20:58,"
",2,0.244455,0.660005,0.339995
故宫的小精灵,支持视频平台防沉迷系统上线,null,5-28 20:43,"
",2,0.650197,0.842589,0.157411
小山纯一,b站是短视频？,null,5-28 20:31,"2
",0,0.522415,0.214913,0.785087
bilibili我不是李嘉旭哦,强行限制选择娱乐的时间。。。,null,5-28 20:08,"
",1,0.605928,0.519704,0.480296
满屋的小心心,dei,null,5-28 20:07,"
",1,0.220588,0.538971,0.461029
ML番豆先生,希望这回能有效,null,5-28 19:30,"
",2,0.134204,0.610392,0.389608
抠一手正方形鼻屎,悉心照顾的韭菜不管好怎么能割呢,null,5-28 19:22,"
",2,0.358147,0.711166,0.288834
andy最愛查理,只希望这样的政策不要一刀切，只考虑青少年需要教育保护引导限制而完全不顾成年人的感受。就行了。,null,5-28 19:16,"
",0,0.715288,0.128121,0.871879
天天爱笑的hmh,哈哈哈哈哈哈，我也觉得是该管管了！,null,5-28 19:12,"
",2,0.154499,0.619525,0.380475
朱一龙是宝贝奥,救救成年人叭,null,5-28 19:02,"
",2,0.0941996,0.59239,0.40761
某不知名的小杨,为什么没有“青少年防电视、收音机、报纸、阅读沉迷系统”？,null,5-28 18:55,"1
",0,0.755472,0.110038,0.889962
8kirayamato8,草,null,5-28 18:43,"
",1,0.0798845,0.453994,0.546006
筱琦幸子,你知道的，这让我想起了绿坝系统,null,5-28 18:34,"
",1,0.632064,0.481603,0.518397
子非妖鱼,我刚刚好过18了，哈哈哈,null,5-28 18:13,"
",2,0.745592,0.885516,0.114484
B灬enny,其实也不赖，毕竟有些段视频的内容并不适合孩子，同样B站上好多番也不适合孩子。我可是好不容易才活到成年，只要我还能有的看就好,null,5-28 17:49,"
",1,0.706699,0.485335,0.514665
龙龟洞洞,所以什么时候有成人模式？,null,5-28 17:40,"
",0,0.191241,0.363941,0.636059
浪渣444444,建议开发一套成人防沉迷系统。还可以收费增税。,null,5-28 17:20,"
",1,0.509355,0.524532,0.475468
奈奈奶奶,小说也能监管一下吗，动画能不能也防沉迷啊。能还成年人自由么,null,5-28 17:03,"
",1,0.141536,0.542923,0.457077
沙雕dd小朋友,还好我成年了嘿嘿嘿,null,5-28 16:22,"
",2,0.0226533,0.560194,0.439806
StanleyChou1211,你出防沉迷我不反对，能不能照顾一下港澳台，每次实名认证对我们来谁都是世纪难题......,null,5-28 16:20,"
",0,0.27618,0.325719,0.674281
折腾5号,果然，还是要在直播圈子混吗？//@柚子又抽了: 奔走相告，B站也开始青少年防沉迷啦,null,5-28 16:17,"
",1,0.693518,0.484676,0.515324
Mandy_mmmmm,@小乔庚,null,5-28 15:50,"
",1,0.397608,0.53012,0.46988
Jaler_5,键盘侠何在！！！,null,5-28 15:46,"
",0,0.0886174,0.410122,0.589878
迷妹ing,我沉迷太久,null,5-28 15:41,"
",0,0.361536,0.287309,0.712691
我就静静地窥个屏,未成年能不能看鬼畜？,null,5-28 15:23,"
",0,0.329572,0.301693,0.698307
绩溪公路分局,这个好！适当控制有益健康,null,5-28 15:17,"
",2,0.582439,0.812098,0.187902
小西的名字要变短,第五人格可以出一个嘛,null,5-28 15:13,"
",2,0.205417,0.642438,0.357562
陌上清风43,这个太必要了，支持,null,5-28 15:03,"
",1,0.745474,0.487274,0.512726
哈_朕有此意,拿的都是父母的手机看，防啥,null,5-28 15:03,"
",2,0.2583,0.666235,0.333765
痴情小公举_777,管管微博吧,null,5-28 14:59,"
",0,0.251478,0.336835,0.663165
中山身边事,转发微博,null,5-28 14:59,"
",1,0.713022,0.514349,0.485651
乘御遊,意思是成年人可以看成年人的东西了？,null,5-28 14:57,"
",0,0.0145847,0.443437,0.556563
挪椅子酱,哈哈哈哈哈哈哈，真是牛🍺 幸甚至哉，何不割以永治，且不说矫枉过正，他妈一棒子打死，真像回到那个裹小脚的时代呢要不全国统一一下，一三五歌唱she会主义，二四六全国电视统一播放喜洋洋？他们连互联网都要设墙，我真不知道关起门来要怎么搞经济,null,5-28 14:55,"
",2,0.74942,0.887239,0.112761
L-MOC,@莞尔一笑的熊 在六一儿童节到来之前,null,5-28 14:50,"
",2,0.110817,0.599868,0.400132
木翎_Quill,直接实名制不就好了,null,5-28 14:48,"
",0,0.559785,0.198097,0.801903
阌乡书生,在专属内容池中，长视频平台重点选择弘扬爱国主义、宣扬英雄人物的优秀电影、电视剧；短视频平台侧重为青少年提供课程教学、书法绘画、亲子教育、人文历史、传统文化、手工制作、自然科普等寓教于乐的优质内容。,null,5-28 14:44,"
",2,0.963151,0.983418,0.0165819
盘尼西林mmy,真的应该这样了,null,5-28 14:41,"
",0,0.572686,0.192291,0.807709
众从人一2013,适度，是好的！,null,5-28 14:39,"
",2,0.567514,0.805381,0.194619
Landrea卿_医生不回家不改名,请先教育一下一些自己无能反倒怪互联网的父母们 生孩子怎么就没考试,null,5-28 14:38,"
",0,0.311168,0.309974,0.690026
Chameau_Lok,能不能管管微信，让工作群不要影响工作,null,5-28 14:38,"
",0,0.62357,0.169393,0.830606
DHF南北,都得管管了,null,5-28 14:35,"
",0,0.073014,0.417144,0.582856
你变漂亮点儿努力点儿会死啊万爷,92年以前出生的中年人也需要这样的防沉迷系统,null,5-28 14:33,"
",1,0.9949,0.500255,0.499745
情非得已-xp,1831,null,5-28 14:31,,1,0.253986,0.537301,0.462699
